Loading the ModusToolbox Technology Packs and Early Access Packs
Finished loading the ModusToolbox Technology Packs and Early Access Packs (3 ms)
Loading the tools information
Finished loading the tools information (61 ms)
From ModusToolbox Tools version 3.7.0.0 installed at C:/Users/Patron/ModusToolbox/tools_3.7, using
 airoc-tools version 5.0.1.207
 bsp-assistant version 1.60.0.3073
 bt-configurator version 3.50.0.3524
 cymcuelftool version 1.0.0.62
 dashboard version 3.7.0.373
 device-configurator version 5.60.0.3965
 dfuh-tool version 2.100.0.3412
 ez-pd-configurator version 2.30.0.2541
 hardware-config-server version 1.6.0.2414
 lcs-manager-cli version 1.50.0.377
 library-manager version 2.60.0.4669
 lin-configurator version 1.80.0.2471
 make version 2.6.1.8029
 memoryreport version 1.0.0.435
 modus-shell version 1.5.0.123
 mtb-settings version 1.20.0.327
 mtbarchive version 1.7.0.4336
 mtbgetlibs version 1.7.0.4336
 mtbideexport version 1.5.0.363
 mtblaunch version 1.7.0.4336
 mtbninja version 1.7.0.4336
 mtbquery version 1.7.0.4336
 mtbsearch version 1.7.0.4336
 ninja version 1.12.1
 project-creator version 2.60.0.5260
 proxy-helper version 1.90.0.463
 qspi-configurator version 4.70.0.2834
 seglcd-configurator version 1.100.0.2367
 signcombinemkgen version 1.2.0.363
 smartio-configurator version 4.60.0.1953
 srecord version 1.64.0.15
 usbdev-configurator version 3.10.0.2433
From ModusToolbox Pack ModusToolbox CAPSENSE and Multi-Sense Pack version 1.4.0.664 installed at C:/Users/Patron/ModusToolbox/packs/ModusToolbox-Multi-Sense-Pack, using
 capsense-configurator version 10.10.0.12193
 sensor-designer-tool version 1.21.0.1376
Loading the manifest data
Online Content mode has been enabled by default.
Loading super manfiest files from all sources
Getting manifests from remote and/or local sources
Processing system manifest 'https://modustoolbox.infineon.com/manifests/mtb-super-manifest/v2.X/mtb-super-manifest-fv2.xml'
Downloading super manifest file 'https://modustoolbox.infineon.com/manifests/mtb-super-manifest/v2.X/mtb-super-manifest-fv2.xml'
Finished loading super manifest files from all sources
Finished download of file 'https://modustoolbox.infineon.com/manifests/mtb-super-manifest/v2.X/mtb-super-manifest-fv2.xml'
Starting to parse super manifest with URL 'https://modustoolbox.infineon.com/manifests/mtb-super-manifest/v2.X/mtb-super-manifest-fv2.xml'
Finished parsing super manifest with URL 'https://modustoolbox.infineon.com/manifests/mtb-super-manifest/v2.X/mtb-super-manifest-fv2.xml'
Downloading manifest file 'https://github.com/Infineon/mtb-sdk-list-manifest/raw/main/mtb-sdk-list-manifest.xml'
Downloading manifest file 'https://github.com/Infineon/mtb-ce-manifest/raw/v2.X/mtb-ce-manifest.xml'
Downloading manifest file 'https://github.com/Infineon/mtb-ce-manifest/raw/v2.X/mtb-ce-manifest-fv2.xml'
Downloading manifest file 'https://github.com/Infineon/mtb-t2g-ce-manifest/raw/main/mtb-ce-manifest-fv2.xml'
Downloading manifest file 'https://github.com/Infineon/mtb-bt-app-manifest/raw/v2.X/mtb-bt-app-manifest.xml'
Downloading manifest file 'https://github.com/Infineon/mtb-bt-app-manifest/raw/v2.X/mtb-bt-app-manifest-fv2.xml'
Downloading manifest file 'https://github.com/Infineon/cce-app-manifest/raw/v2.X/cce-app-manifest-fv2.xml'
Downloading manifest file 'https://github.com/Altia-Marketing/altia-ce-manifest/raw/main/altia-ce-manifest-fv2.xml'
Downloading manifest file 'https://github.com/avnet-iotconnect/avnet-iotc-mtb-ce-manifest/raw/main/avnet-iotc-mtb-ce-manifest-fv2.xml'
Downloading manifest file 'https://github.com/CyberonEBU/cyberon-mtb-ce-manifest/raw/main/cyberon-mtb-ce-manifest-fv2.xml'
Downloading manifest file 'https://github.com/golioth/mtb-golioth-ce-manifest/raw/main/mtb-golioth-ce-manifest-fv2.xml'
Downloading manifest file 'https://github.com/rtlabs-com/mtb-rtlabs-manifest/raw/main/mtb-ce-manifest-fv2-rtlabs.xml'
Downloading manifest file 'https://github.com/RutronikSystemSolutions/rutronik-ce-manifest/raw/main/rutronik-ce-manifest-fv2.xml'
Downloading manifest file 'https://github.com/Infineon/mtb-bsp-manifest/raw/v2.X/mtb-bsp-manifest.xml'
Downloading manifest file 'https://github.com/Infineon/mtb-bsp-manifest/raw/v2.X/mtb-bsp-capabilities-manifest.json'
Downloading manifest file 'https://github.com/Infineon/mtb-bsp-manifest/raw/v2.X/mtb-bsp-manifest-fv2.xml'
Downloading manifest file 'https://github.com/Infineon/mtb-bsp-manifest/raw/v2.X/mtb-bsp-dependencies-manifest.xml'
Downloading manifest file 'https://github.com/Infineon/mtb-bt-bsp-manifest/raw/v2.X/mtb-bt-bsp-manifest.xml'
Downloading manifest file 'https://github.com/Infineon/mtb-bt-bsp-manifest/raw/v2.X/mtb-bt-bsp-manifest-fv2.xml'
Downloading manifest file 'https://github.com/Infineon/mtb-bt-bsp-manifest/raw/v2.X/mtb-bt-bsp-dependencies-manifest.xml'
Downloading manifest file 'https://github.com/Inventek/inventek-bsp-manifest/raw/main/inventek-bsp-manifest-fv2.xml'
Downloading manifest file 'https://github.com/Inventek/inventek-bsp-manifest/raw/main/inventek-bsp-dependencies-manifest.xml'
Downloading manifest file 'https://github.com/RutronikSystemSolutions/rutronik-bsp-manifest/raw/main/rutronik-bsp-manifest-fv2.xml'
Downloading manifest file 'https://github.com/RutronikSystemSolutions/rutronik-bsp-manifest/raw/main/rutronik-bsp-dependencies-manifest.xml'
Downloading manifest file 'https://github.com/Infineon/mtb-mw-manifest/raw/v2.X/mtb-mw-manifest.xml'
Downloading manifest file 'https://github.com/Infineon/mtb-mw-manifest/raw/v2.X/mtb-mw-manifest-fv2.xml'
Downloading manifest file 'https://github.com/Infineon/mtb-mw-manifest/raw/v2.X/mtb-mw-dependencies-manifest.xml'
Downloading manifest file 'https://github.com/Infineon/mtb-t2g-mw-manifest/raw/main/mtb-t2g-mw-manifest-fv2.xml'
Downloading manifest file 'https://github.com/Infineon/mtb-t2g-mw-manifest/raw/main/mtb-t2g-mw-dependencies-manifest.xml'
Downloading manifest file 'https://github.com/Infineon/mtb-bt-mw-manifest/raw/v2.X/mtb-bt-mw-manifest.xml'
Downloading manifest file 'https://github.com/Infineon/mtb-bt-mw-manifest/raw/v2.X/mtb-bt-mw-manifest-fv2.xml'
Downloading manifest file 'https://github.com/Infineon/mtb-bt-mw-manifest/raw/v2.X/mtb-bt-mw-dependencies-manifest.xml'
Downloading manifest file 'https://github.com/Infineon/mtb-wifi-mw-manifest/raw/v2.X/mtb-wifi-mw-manifest.xml'
Downloading manifest file 'https://github.com/Infineon/mtb-wifi-mw-manifest/raw/v2.X/mtb-wifi-mw-manifest-fv2.xml'
Downloading manifest file 'https://github.com/Infineon/mtb-wifi-mw-manifest/raw/v2.X/mtb-wifi-mw-dependencies-manifest.xml'
Downloading manifest file 'https://github.com/avnet-iotconnect/avnet-iotc-mtb-mw-manifest/raw/main/avnet-iotc-mtb-mw-manifest-fv2.xml'
Downloading manifest file 'https://github.com/CyberonEBU/cyberon-mtb-mw-manifest/raw/main/cyberon-mtb-mw-manifest-fv2.xml'
Downloading manifest file 'https://github.com/golioth/mtb-golioth-mw-manifest/raw/main/mtb-golioth-mw-manifest-fv2.xml'
Downloading manifest file 'https://github.com/rtlabs-com/mtb-rtlabs-manifest/raw/main/rtlabs-mtb-mw-manifest-fw2-rtlabs.xml'
Finished download of file 'https://github.com/Infineon/mtb-sdk-list-manifest/raw/main/mtb-sdk-list-manifest.xml'
Starting to parse SDK list manifest with URL 'https://github.com/Infineon/mtb-sdk-list-manifest/raw/main/mtb-sdk-list-manifest.xml'
Finished parsing SDK list manifest with URL 'https://github.com/Infineon/mtb-sdk-list-manifest/raw/main/mtb-sdk-list-manifest.xml'
Downloading manifest file 'https://github.com/Infineon/mtb-sdk-20829-json/raw/main/mtb-sdk-manifest-20829b1.json'
Finished download of file 'https://github.com/Infineon/mtb-ce-manifest/raw/v2.X/mtb-ce-manifest.xml'
Finished download of file 'https://github.com/Infineon/mtb-ce-manifest/raw/v2.X/mtb-ce-manifest-fv2.xml'
Finished download of file 'https://github.com/Infineon/mtb-t2g-ce-manifest/raw/main/mtb-ce-manifest-fv2.xml'
Finished download of file 'https://github.com/Infineon/mtb-bt-app-manifest/raw/v2.X/mtb-bt-app-manifest.xml'
Finished download of file 'https://github.com/Infineon/mtb-bt-app-manifest/raw/v2.X/mtb-bt-app-manifest-fv2.xml'
Finished download of file 'https://github.com/Infineon/cce-app-manifest/raw/v2.X/cce-app-manifest-fv2.xml'
Finished download of file 'https://github.com/Altia-Marketing/altia-ce-manifest/raw/main/altia-ce-manifest-fv2.xml'
Finished download of file 'https://github.com/avnet-iotconnect/avnet-iotc-mtb-ce-manifest/raw/main/avnet-iotc-mtb-ce-manifest-fv2.xml'
Finished download of file 'https://github.com/CyberonEBU/cyberon-mtb-ce-manifest/raw/main/cyberon-mtb-ce-manifest-fv2.xml'
Finished download of file 'https://github.com/golioth/mtb-golioth-ce-manifest/raw/main/mtb-golioth-ce-manifest-fv2.xml'
Finished download of file 'https://github.com/rtlabs-com/mtb-rtlabs-manifest/raw/main/mtb-ce-manifest-fv2-rtlabs.xml'
Finished download of file 'https://github.com/RutronikSystemSolutions/rutronik-ce-manifest/raw/main/rutronik-ce-manifest-fv2.xml'
Finished download of file 'https://github.com/Infineon/mtb-bsp-manifest/raw/v2.X/mtb-bsp-manifest.xml'
Finished download of file 'https://github.com/Infineon/mtb-bsp-manifest/raw/v2.X/mtb-bsp-capabilities-manifest.json'
Finished download of file 'https://github.com/Infineon/mtb-bsp-manifest/raw/v2.X/mtb-bsp-manifest-fv2.xml'
Finished download of file 'https://github.com/Infineon/mtb-bsp-manifest/raw/v2.X/mtb-bsp-dependencies-manifest.xml'
Finished download of file 'https://github.com/Infineon/mtb-bt-bsp-manifest/raw/v2.X/mtb-bt-bsp-manifest.xml'
Finished download of file 'https://github.com/Infineon/mtb-bt-bsp-manifest/raw/v2.X/mtb-bt-bsp-manifest-fv2.xml'
Finished download of file 'https://github.com/Infineon/mtb-bt-bsp-manifest/raw/v2.X/mtb-bt-bsp-dependencies-manifest.xml'
Finished download of file 'https://github.com/Inventek/inventek-bsp-manifest/raw/main/inventek-bsp-manifest-fv2.xml'
Finished download of file 'https://github.com/Inventek/inventek-bsp-manifest/raw/main/inventek-bsp-dependencies-manifest.xml'
Finished download of file 'https://github.com/RutronikSystemSolutions/rutronik-bsp-manifest/raw/main/rutronik-bsp-manifest-fv2.xml'
Finished download of file 'https://github.com/RutronikSystemSolutions/rutronik-bsp-manifest/raw/main/rutronik-bsp-dependencies-manifest.xml'
Finished download of file 'https://github.com/Infineon/mtb-mw-manifest/raw/v2.X/mtb-mw-manifest.xml'
Finished download of file 'https://github.com/Infineon/mtb-mw-manifest/raw/v2.X/mtb-mw-manifest-fv2.xml'
Finished download of file 'https://github.com/Infineon/mtb-mw-manifest/raw/v2.X/mtb-mw-dependencies-manifest.xml'
Finished download of file 'https://github.com/Infineon/mtb-t2g-mw-manifest/raw/main/mtb-t2g-mw-manifest-fv2.xml'
Finished download of file 'https://github.com/Infineon/mtb-t2g-mw-manifest/raw/main/mtb-t2g-mw-dependencies-manifest.xml'
Finished download of file 'https://github.com/Infineon/mtb-bt-mw-manifest/raw/v2.X/mtb-bt-mw-manifest.xml'
Finished download of file 'https://github.com/Infineon/mtb-bt-mw-manifest/raw/v2.X/mtb-bt-mw-manifest-fv2.xml'
Finished download of file 'https://github.com/Infineon/mtb-bt-mw-manifest/raw/v2.X/mtb-bt-mw-dependencies-manifest.xml'
Finished download of file 'https://github.com/Infineon/mtb-wifi-mw-manifest/raw/v2.X/mtb-wifi-mw-manifest.xml'
Finished download of file 'https://github.com/Infineon/mtb-wifi-mw-manifest/raw/v2.X/mtb-wifi-mw-manifest-fv2.xml'
Finished download of file 'https://github.com/Infineon/mtb-wifi-mw-manifest/raw/v2.X/mtb-wifi-mw-dependencies-manifest.xml'
Finished download of file 'https://github.com/avnet-iotconnect/avnet-iotc-mtb-mw-manifest/raw/main/avnet-iotc-mtb-mw-manifest-fv2.xml'
Finished download of file 'https://github.com/CyberonEBU/cyberon-mtb-mw-manifest/raw/main/cyberon-mtb-mw-manifest-fv2.xml'
Finished download of file 'https://github.com/golioth/mtb-golioth-mw-manifest/raw/main/mtb-golioth-mw-manifest-fv2.xml'
Finished download of file 'https://github.com/rtlabs-com/mtb-rtlabs-manifest/raw/main/rtlabs-mtb-mw-manifest-fw2-rtlabs.xml'
Finished download of file 'https://github.com/Infineon/mtb-sdk-20829-json/raw/main/mtb-sdk-manifest-20829b1.json'
Starting to parse SDK manifest with URL 'https://github.com/Infineon/mtb-sdk-20829-json/raw/main/mtb-sdk-manifest-20829b1.json'
Finished parsing SDK manifest with URL 'https://github.com/Infineon/mtb-sdk-20829-json/raw/main/mtb-sdk-manifest-20829b1.json'
Finished loading the manifest data (2670 ms)
No SDK-based filtering is applied to the manifest database contents.
For dependency records within the same domain, with the same depender ID, version, and dependee ID, the dependee with the highest version takes precedence. Discarded record(s): "ml-middleware(release-v2.0.1) depends on ml-tflite-micro(release-v2.0.0)[SYSTEM]". Retained record: "ml-middleware(release-v2.0.1) depends on ml-tflite-micro(release-v2.0.1)[SYSTEM]".

0 error(s), 0 warning(s)

Summary: 

BSP: CY8CPROTO-063-BLE
Template Application(s): Bluetooth LE Hello Sensor
Application(s) Root Path: C:/Users/Patron/WallE

Press "Create" to create the selected application(s).

Collecting application data...

Info: The following entered on the command line will create the exact same project as that created with the GUI tool:
C:/Users/Patron/ModusToolbox/tools_3.7/project-creator/project-creator-cli.exe --board-id CY8CPROTO-063-BLE --board-uri https://github.com/cypresssemiconductorco/TARGET_CY8CPROTO-063-BLE --board-commit latest-v4.X --app-id mtb-example-btstack-freertos-hello-sensor --app-uri https://github.com/Infineon/mtb-example-btstack-freertos-hello-sensor --app-commit latest-v5.X --target-dir C:/Users/Patron/WallE --user-app-name Bluetooth_LE_Hello_Sensor --use-modus-shell
Starting application creation for 'C:/Users/Patron/WallE/Bluetooth_LE_Hello_Sensor'.
Acquiring the application source 'https://github.com/Infineon/mtb-example-btstack-freertos-hello-sensor'.
Git#0>Cloning into 'Bluetooth_LE_Hello_Sensor'...
Git#0>remote: Enumerating objects: 89, done.        
Git#0>remote: Counting objects:   1% (1/89)        
Git#0>remote: Counting objects:   2% (2/89)        
Git#0>remote: Counting objects:   3% (3/89)        
Git#0>remote: Counting objects:   4% (4/89)        
Git#0>remote: Counting objects:   5% (5/89)        
Git#0>remote: Counting objects:   6% (6/89)        
Git#0>remote: Counting objects:   7% (7/89)        
Git#0>remote: Counting objects:   8% (8/89)        
Git#0>remote: Counting objects:  10% (9/89)        
Git#0>remote: Counting objects:  11% (10/89)        
Git#0>remote: Counting objects:  12% (11/89)        
Git#0>remote: Counting objects:  13% (12/89)        
Git#0>remote: Counting objects:  14% (13/89)        
Git#0>remote: Counting objects:  15% (14/89)        
Git#0>remote: Counting objects:  16% (15/89)        
Git#0>remote: Counting objects:  17% (16/89)        
Git#0>remote: Counting objects:  19% (17/89)        
Git#0>remote: Counting objects:  20% (18/89)        
Git#0>remote: Counting objects:  21% (19/89)        
Git#0>remote: Counting objects:  22% (20/89)        
Git#0>remote: Counting objects:  23% (21/89)        
Git#0>remote: Counting objects:  24% (22/89)        
Git#0>remote: Counting objects:  25% (23/89)        
Git#0>remote: Counting objects:  26% (24/89)        
Git#0>remote: Counting objects:  28% (25/89)        
Git#0>remote: Counting objects:  29% (26/89)        
Git#0>remote: Counting objects:  30% (27/89)        
Git#0>remote: Counting objects:  31% (28/89)        
Git#0>remote: Counting objects:  32% (29/89)        
Git#0>remote: Counting objects:  33% (30/89)        
Git#0>remote: Counting objects:  34% (31/89)        
Git#0>remote: Counting objects:  35% (32/89)        
Git#0>remote: Counting objects:  37% (33/89)        
Git#0>remote: Counting objects:  38% (34/89)        
Git#0>remote: Counting objects:  39% (35/89)        
Git#0>remote: Counting objects:  40% (36/89)        
Git#0>remote: Counting objects:  41% (37/89)        
Git#0>remote: Counting objects:  42% (38/89)        
Git#0>remote: Counting objects:  43% (39/89)        
Git#0>remote: Counting objects:  44% (40/89)        
Git#0>remote: Counting objects:  46% (41/89)        
Git#0>remote: Counting objects:  47% (42/89)        
Git#0>remote: Counting objects:  48% (43/89)        
Git#0>remote: Counting objects:  49% (44/89)        
Git#0>remote: Counting objects:  50% (45/89)        
Git#0>remote: Counting objects:  51% (46/89)        
Git#0>remote: Counting objects:  52% (47/89)        
Git#0>remote: Counting objects:  53% (48/89)        
Git#0>remote: Counting objects:  55% (49/89)        
Git#0>remote: Counting objects:  56% (50/89)        
Git#0>remote: Counting objects:  57% (51/89)        
Git#0>remote: Counting objects:  58% (52/89)        
Git#0>remote: Counting objects:  59% (53/89)        
Git#0>remote: Counting objects:  60% (54/89)        
Git#0>remote: Counting objects:  61% (55/89)        
Git#0>remote: Counting objects:  62% (56/89)        
Git#0>remote: Counting objects:  64% (57/89)        
Git#0>remote: Counting objects:  65% (58/89)        
Git#0>remote: Counting objects:  66% (59/89)        
Git#0>remote: Counting objects:  67% (60/89)        
Git#0>remote: Counting objects:  68% (61/89)        
Git#0>remote: Counting objects:  69% (62/89)        
Git#0>remote: Counting objects:  70% (63/89)        
Git#0>remote: Counting objects:  71% (64/89)        
Git#0>remote: Counting objects:  73% (65/89)        
Git#0>remote: Counting objects:  74% (66/89)        
Git#0>remote: Counting objects:  75% (67/89)        
Git#0>remote: Counting objects:  76% (68/89)        
Git#0>remote: Counting objects:  77% (69/89)        
Git#0>remote: Counting objects:  78% (70/89)        
Git#0>remote: Counting objects:  79% (71/89)        
Git#0>remote: Counting objects:  80% (72/89)        
Git#0>remote: Counting objects:  82% (73/89)        
Git#0>remote: Counting objects:  83% (74/89)        
Git#0>remote: Counting objects:  84% (75/89)        
Git#0>remote: Counting objects:  85% (76/89)        
Git#0>remote: Counting objects:  86% (77/89)        
Git#0>remote: Counting objects:  87% (78/89)        
Git#0>remote: Counting objects:  88% (79/89)        
Git#0>remote: Counting objects:  89% (80/89)        
Git#0>remote: Counting objects:  91% (81/89)        
Git#0>remote: Counting objects:  92% (82/89)        
Git#0>remote: Counting objects:  93% (83/89)        
Git#0>remote: Counting objects:  94% (84/89)        
Git#0>remote: Counting objects:  95% (85/89)        
Git#0>remote: Counting objects:  96% (86/89)        
Git#0>remote: Counting objects:  97% (87/89)        
Git#0>remote: Counting objects:  98% (88/89)        
Git#0>remote: Counting objects: 100% (89/89)        
Git#0>remote: Counting objects: 100% (89/89), done.        
Git#0>remote: Compressing objects:   1% (1/59)        
Git#0>remote: Compressing objects:   3% (2/59)        
Git#0>remote: Compressing objects:   5% (3/59)        
Git#0>remote: Compressing objects:   6% (4/59)        
Git#0>remote: Compressing objects:   8% (5/59)        
Git#0>remote: Compressing objects:  10% (6/59)        
Git#0>remote: Compressing objects:  11% (7/59)        
Git#0>remote: Compressing objects:  13% (8/59)        
Git#0>remote: Compressing objects:  15% (9/59)        
Git#0>remote: Compressing objects:  16% (10/59)        
Git#0>remote: Compressing objects:  18% (11/59)        
Git#0>remote: Compressing objects:  20% (12/59)        
Git#0>remote: Compressing objects:  22% (13/59)        
Git#0>remote: Compressing objects:  23% (14/59)        
Git#0>remote: Compressing objects:  25% (15/59)        
Git#0>remote: Compressing objects:  27% (16/59)        
Git#0>remote: Compressing objects:  28% (17/59)        
Git#0>remote: Compressing objects:  30% (18/59)        
Git#0>remote: Compressing objects:  32% (19/59)        
Git#0>remote: Compressing objects:  33% (20/59)        
Git#0>remote: Compressing objects:  35% (21/59)        
Git#0>remote: Compressing objects:  37% (22/59)        
Git#0>remote: Compressing objects:  38% (23/59)        
Git#0>remote: Compressing objects:  40% (24/59)        
Git#0>remote: Compressing objects:  42% (25/59)        
Git#0>remote: Compressing objects:  44% (26/59)        
Git#0>remote: Compressing objects:  45% (27/59)        
Git#0>remote: Compressing objects:  47% (28/59)        
Git#0>remote: Compressing objects:  49% (29/59)        
Git#0>remote: Compressing objects:  50% (30/59)        
Git#0>remote: Compressing objects:  52% (31/59)        
Git#0>remote: Compressing objects:  54% (32/59)        
Git#0>remote: Compressing objects:  55% (33/59)        
Git#0>remote: Compressing objects:  57% (34/59)        
Git#0>remote: Compressing objects:  59% (35/59)        
Git#0>remote: Compressing objects:  61% (36/59)        
Git#0>remote: Compressing objects:  62% (37/59)        
Git#0>remote: Compressing objects:  64% (38/59)        
Git#0>remote: Compressing objects:  66% (39/59)        
Git#0>remote: Compressing objects:  67% (40/59)        
Git#0>remote: Compressing objects:  69% (41/59)        
Git#0>remote: Compressing objects:  71% (42/59)        
Git#0>remote: Compressing objects:  72% (43/59)        
Git#0>remote: Compressing objects:  74% (44/59)        
Git#0>remote: Compressing objects:  76% (45/59)        
Git#0>remote: Compressing objects:  77% (46/59)        
Git#0>remote: Compressing objects:  79% (47/59)        
Git#0>remote: Compressing objects:  81% (48/59)        
Git#0>remote: Compressing objects:  83% (49/59)        
Git#0>remote: Compressing objects:  84% (50/59)        
Git#0>remote: Compressing objects:  86% (51/59)        
Git#0>remote: Compressing objects:  88% (52/59)        
Git#0>remote: Compressing objects:  89% (53/59)        
Git#0>remote: Compressing objects:  91% (54/59)        
Git#0>remote: Compressing objects:  93% (55/59)        
Git#0>remote: Compressing objects:  94% (56/59)        
Git#0>remote: Compressing objects:  96% (57/59)        
Git#0>remote: Compressing objects:  98% (58/59)        
Git#0>remote: Compressing objects: 100% (59/59)        
Git#0>remote: Compressing objects: 100% (59/59), done.        
Git#0>remote: Total 89 (delta 18), reused 80 (delta 11), pack-reused 0 (from 0)        
Git#0>Receiving objects:   1% (1/89)
Git#0>Receiving objects:   2% (2/89)
Git#0>Receiving objects:   3% (3/89)
Git#0>Receiving objects:   4% (4/89)
Git#0>Receiving objects:   5% (5/89)
Git#0>Receiving objects:   6% (6/89)
Git#0>Receiving objects:   7% (7/89)
Git#0>Receiving objects:   8% (8/89)
Git#0>Receiving objects:  10% (9/89)
Git#0>Receiving objects:  11% (10/89)
Git#0>Receiving objects:  12% (11/89)
Git#0>Receiving objects:  13% (12/89)
Git#0>Receiving objects:  14% (13/89)
Git#0>Receiving objects:  15% (14/89)
Git#0>Receiving objects:  16% (15/89)
Git#0>Receiving objects:  17% (16/89)
Git#0>Receiving objects:  19% (17/89)
Git#0>Receiving objects:  20% (18/89)
Git#0>Receiving objects:  21% (19/89)
Git#0>Receiving objects:  22% (20/89)
Git#0>Receiving objects:  23% (21/89)
Git#0>Receiving objects:  24% (22/89)
Git#0>Receiving objects:  25% (23/89)
Git#0>Receiving objects:  26% (24/89)
Git#0>Receiving objects:  28% (25/89)
Git#0>Receiving objects:  29% (26/89)
Git#0>Receiving objects:  30% (27/89)
Git#0>Receiving objects:  31% (28/89)
Git#0>Receiving objects:  32% (29/89)
Git#0>Receiving objects:  33% (30/89)
Git#0>Receiving objects:  34% (31/89)
Git#0>Receiving objects:  35% (32/89)
Git#0>Receiving objects:  37% (33/89)
Git#0>Receiving objects:  38% (34/89)
Git#0>Receiving objects:  39% (35/89)
Git#0>Receiving objects:  40% (36/89)
Git#0>Receiving objects:  41% (37/89)
Git#0>Receiving objects:  42% (38/89)
Git#0>Receiving objects:  43% (39/89)
Git#0>Receiving objects:  44% (40/89)
Git#0>Receiving objects:  46% (41/89)
Git#0>Receiving objects:  47% (42/89)
Git#0>Receiving objects:  48% (43/89)
Git#0>Receiving objects:  49% (44/89)
Git#0>Receiving objects:  50% (45/89)
Git#0>Receiving objects:  51% (46/89)
Git#0>Receiving objects:  52% (47/89)
Git#0>Receiving objects:  53% (48/89)
Git#0>Receiving objects:  55% (49/89)
Git#0>Receiving objects:  56% (50/89)
Git#0>Receiving objects:  57% (51/89)
Git#0>Receiving objects:  58% (52/89)
Git#0>Receiving objects:  59% (53/89)
Git#0>Receiving objects:  60% (54/89)
Git#0>Receiving objects:  61% (55/89)
Git#0>Receiving objects:  62% (56/89)
Git#0>Receiving objects:  64% (57/89)
Git#0>Receiving objects:  65% (58/89)
Git#0>Receiving objects:  66% (59/89)
Git#0>Receiving objects:  67% (60/89)
Git#0>Receiving objects:  68% (61/89)
Git#0>Receiving objects:  69% (62/89)
Git#0>Receiving objects:  70% (63/89)
Git#0>Receiving objects:  71% (64/89)
Git#0>Receiving objects:  73% (65/89)
Git#0>Receiving objects:  74% (66/89)
Git#0>Receiving objects:  75% (67/89)
Git#0>Receiving objects:  76% (68/89)
Git#0>Receiving objects:  77% (69/89)
Git#0>Receiving objects:  78% (70/89)
Git#0>Receiving objects:  79% (71/89)
Git#0>Receiving objects:  80% (72/89)
Git#0>Receiving objects:  82% (73/89)
Git#0>Receiving objects:  83% (74/89)
Git#0>Receiving objects:  84% (75/89)
Git#0>Receiving objects:  85% (76/89)
Git#0>Receiving objects:  86% (77/89)
Git#0>Receiving objects:  87% (78/89)
Git#0>Receiving objects:  88% (79/89)
Git#0>Receiving objects:  89% (80/89)
Git#0>Receiving objects:  91% (81/89)
Git#0>Receiving objects:  92% (82/89)
Git#0>Receiving objects:  93% (83/89)
Git#0>Receiving objects:  94% (84/89)
Git#0>Receiving objects:  95% (85/89)
Git#0>Receiving objects:  96% (86/89)
Git#0>Receiving objects:  97% (87/89)
Git#0>Receiving objects:  98% (88/89)
Git#0>Receiving objects: 100% (89/89)
Git#0>Receiving objects: 100% (89/89), 12.37 KiB | 666.00 KiB/s, done.
Git#0>Resolving deltas:   0% (0/18)
Git#0>Resolving deltas:   5% (1/18)
Git#0>Resolving deltas:  11% (2/18)
Git#0>Resolving deltas:  16% (3/18)
Git#0>Resolving deltas:  22% (4/18)
Git#0>Resolving deltas:  27% (5/18)
Git#0>Resolving deltas:  33% (6/18)
Git#0>Resolving deltas:  38% (7/18)
Git#0>Resolving deltas:  44% (8/18)
Git#0>Resolving deltas:  50% (9/18)
Git#0>Resolving deltas:  55% (10/18)
Git#0>Resolving deltas:  61% (11/18)
Git#0>Resolving deltas:  66% (12/18)
Git#0>Resolving deltas:  72% (13/18)
Git#0>Resolving deltas:  77% (14/18)
Git#0>Resolving deltas:  83% (15/18)
Git#0>Resolving deltas:  88% (16/18)
Git#0>Resolving deltas: 100% (18/18)
Git#0>Resolving deltas: 100% (18/18), done.
Git#1>HEAD is now at afdaa2d Upload mtb-example-btstack-freertos-hello-sensor [3856]
Acquired application source successfully.
Loading the application.
Loaded the application successfully.
Processing project 'Bluetooth_LE_Hello_Sensor'.
Starting to commit changes to the filesystem and project 'mtb-example-btstack-freertos-hello-sensor'.
Writing mtb file for asset 'CY8CPROTO-063-BLE' to the folder 'C:/Users/Patron/WallE/Bluetooth_LE_Hello_Sensor/deps'.
Writing mtb file for asset 'btstack' to the folder 'C:/Users/Patron/WallE/Bluetooth_LE_Hello_Sensor/libs'.
Writing mtb file for asset 'freertos' to the folder 'C:/Users/Patron/WallE/Bluetooth_LE_Hello_Sensor/libs'.
Writing mtb file for asset 'abstraction-rtos' to the folder 'C:/Users/Patron/WallE/Bluetooth_LE_Hello_Sensor/libs'.
Writing mtb file for asset 'clib-support' to the folder 'C:/Users/Patron/WallE/Bluetooth_LE_Hello_Sensor/libs'.
Writing mtb file for asset 'cat1cm0p' to the folder 'C:/Users/Patron/WallE/Bluetooth_LE_Hello_Sensor/libs'.
Writing mtb file for asset 'core-lib' to the folder 'C:/Users/Patron/WallE/Bluetooth_LE_Hello_Sensor/libs'.
Writing mtb file for asset 'core-make' to the folder 'C:/Users/Patron/WallE/Bluetooth_LE_Hello_Sensor/libs'.
Writing mtb file for asset 'mtb-hal-cat1' to the folder 'C:/Users/Patron/WallE/Bluetooth_LE_Hello_Sensor/libs'.
Writing mtb file for asset 'mtb-pdl-cat1' to the folder 'C:/Users/Patron/WallE/Bluetooth_LE_Hello_Sensor/libs'.
Writing mtb file for asset 'recipe-make-cat1a' to the folder 'C:/Users/Patron/WallE/Bluetooth_LE_Hello_Sensor/libs'.
Writing mtb file for asset 'cmsis' to the folder 'C:/Users/Patron/WallE/Bluetooth_LE_Hello_Sensor/libs'.
Writing mtb file for asset 'device-db' to the folder 'C:/Users/Patron/WallE/Bluetooth_LE_Hello_Sensor/libs'.
Writing mtb file for asset 'btstack-integration' to the folder 'C:/Users/Patron/WallE/Bluetooth_LE_Hello_Sensor/deps'.
Writing mtb file for asset 'kv-store' to the folder 'C:/Users/Patron/WallE/Bluetooth_LE_Hello_Sensor/deps'.
Writing mtb file for asset 'retarget-io' to the folder 'C:/Users/Patron/WallE/Bluetooth_LE_Hello_Sensor/deps'.
Writing mtb file for asset 'serial-flash' to the folder 'C:/Users/Patron/WallE/Bluetooth_LE_Hello_Sensor/deps'.
Git#2>Starting: git -C C:/Users/Patron/WallE/Bluetooth_LE_Hello_Sensor/libs clone --progress --origin cypress --no-checkout --filter=blob:none https://github.com/cypresssemiconductorco/TARGET_CY8CPROTO-063-BLE TARGET_CY8CPROTO-063-BLE
Git#3>Starting: git -C C:/Users/Patron/WallE/mtb_shared/btstack-integration clone --progress --origin cypress --no-checkout --filter=blob:none https://github.com/Infineon/btstack-integration release-v6.2.1
Git#4>Starting: git -C C:/Users/Patron/WallE/mtb_shared/kv-store clone --progress --origin cypress --no-checkout --filter=blob:none https://github.com/cypresssemiconductorco/kv-store release-v1.1.1
Git#5>Starting: git -C C:/Users/Patron/WallE/mtb_shared/retarget-io/release-v1.9.0 -c advice.detachedHead=false checkout --progress release-v1.9.0
Git#2>Cloning into 'TARGET_CY8CPROTO-063-BLE'...
Git#3>Cloning into 'release-v6.2.1'...
Git#4>Cloning into 'release-v1.1.1'...
Git#5>HEAD is now at b12aaf1 Upload retarget-io [4394]
Git#5>Success: git -C C:/Users/Patron/WallE/mtb_shared/retarget-io/release-v1.9.0 -c advice.detachedHead=false checkout --progress release-v1.9.0
Git#6>Starting: git -C C:/Users/Patron/WallE/mtb_shared/serial-flash clone --progress --origin cypress --no-checkout --filter=blob:none https://github.com/cypresssemiconductorco/serial-flash release-v1.4.3
Git#6>Cloning into 'release-v1.4.3'...
Git#2>remote: Enumerating objects: 164, done.        
Git#2>remote: Counting objects:   2% (1/46)        
Git#2>remote: Counting objects:   4% (2/46)        
Git#2>remote: Counting objects:   6% (3/46)        
Git#2>remote: Counting objects:   8% (4/46)        
Git#2>remote: Counting objects:  10% (5/46)        
Git#2>remote: Counting objects:  13% (6/46)        
Git#2>remote: Counting objects:  15% (7/46)        
Git#2>remote: Counting objects:  17% (8/46)        
Git#2>remote: Counting objects:  19% (9/46)        
Git#2>remote: Counting objects:  21% (10/46)        
Git#2>remote: Counting objects:  23% (11/46)        
Git#2>remote: Counting objects:  26% (12/46)        
Git#2>remote: Counting objects:  28% (13/46)        
Git#2>remote: Counting objects:  30% (14/46)        
Git#2>remote: Counting objects:  32% (15/46)        
Git#2>remote: Counting objects:  34% (16/46)        
Git#2>remote: Counting objects:  36% (17/46)        
Git#2>remote: Counting objects:  39% (18/46)        
Git#2>remote: Counting objects:  41% (19/46)        
Git#2>remote: Counting objects:  43% (20/46)        
Git#2>remote: Counting objects:  45% (21/46)        
Git#2>remote: Counting objects:  47% (22/46)        
Git#2>remote: Counting objects:  50% (23/46)        
Git#2>remote: Counting objects:  52% (24/46)        
Git#2>remote: Counting objects:  54% (25/46)        
Git#2>remote: Counting objects:  56% (26/46)        
Git#2>remote: Counting objects:  58% (27/46)        
Git#2>remote: Counting objects:  60% (28/46)        
Git#2>remote: Counting objects:  63% (29/46)        
Git#2>remote: Counting objects:  65% (30/46)        
Git#2>remote: Counting objects:  67% (31/46)        
Git#2>remote: Counting objects:  69% (32/46)        
Git#2>remote: Counting objects:  71% (33/46)        
Git#2>remote: Counting objects:  73% (34/46)        
Git#2>remote: Counting objects:  76% (35/46)        
Git#2>remote: Counting objects:  78% (36/46)        
Git#2>remote: Counting objects:  80% (37/46)        
Git#2>remote: Counting objects:  82% (38/46)        
Git#2>remote: Counting objects:  84% (39/46)        
Git#2>remote: Counting objects:  86% (40/46)        
Git#2>remote: Counting objects:  89% (41/46)        
Git#2>remote: Counting objects:  91% (42/46)        
Git#2>remote: Counting objects:  93% (43/46)        
Git#2>remote: Counting objects:  95% (44/46)        
Git#2>remote: Counting objects:  97% (45/46)        
Git#2>remote: Counting objects: 100% (46/46)        
Git#2>remote: Counting objects: 100% (46/46), done.        
Git#2>remote: Compressing objects:   2% (1/38)        
Git#2>remote: Compressing objects:   5% (2/38)        
Git#2>remote: Compressing objects:   7% (3/38)        
Git#2>remote: Compressing objects:  10% (4/38)        
Git#2>remote: Compressing objects:  13% (5/38)        
Git#2>remote: Compressing objects:  15% (6/38)        
Git#2>remote: Compressing objects:  18% (7/38)        
Git#2>remote: Compressing objects:  21% (8/38)        
Git#2>remote: Compressing objects:  23% (9/38)        
Git#2>remote: Compressing objects:  26% (10/38)        
Git#2>remote: Compressing objects:  28% (11/38)        
Git#2>remote: Compressing objects:  31% (12/38)        
Git#2>remote: Compressing objects:  34% (13/38)        
Git#2>remote: Compressing objects:  36% (14/38)        
Git#2>remote: Compressing objects:  39% (15/38)        
Git#2>remote: Compressing objects:  42% (16/38)        
Git#2>remote: Compressing objects:  44% (17/38)        
Git#2>remote: Compressing objects:  47% (18/38)        
Git#2>remote: Compressing objects:  50% (19/38)        
Git#2>remote: Compressing objects:  52% (20/38)        
Git#2>remote: Compressing objects:  55% (21/38)        
Git#2>remote: Compressing objects:  57% (22/38)        
Git#2>remote: Compressing objects:  60% (23/38)        
Git#2>remote: Compressing objects:  63% (24/38)        
Git#2>remote: Compressing objects:  65% (25/38)        
Git#2>remote: Compressing objects:  68% (26/38)        
Git#2>remote: Compressing objects:  71% (27/38)        
Git#2>remote: Compressing objects:  73% (28/38)        
Git#2>remote: Compressing objects:  76% (29/38)        
Git#2>remote: Compressing objects:  78% (30/38)        
Git#2>remote: Compressing objects:  81% (31/38)        
Git#2>remote: Compressing objects:  84% (32/38)        
Git#2>remote: Compressing objects:  86% (33/38)        
Git#2>remote: Compressing objects:  89% (34/38)        
Git#2>remote: Compressing objects:  92% (35/38)        
Git#2>remote: Compressing objects:  94% (36/38)        
Git#2>remote: Compressing objects:  97% (37/38)        
Git#2>remote: Compressing objects: 100% (38/38)        
Git#2>remote: Compressing objects: 100% (38/38), done.        
Git#3>remote: Enumerating objects: 542, done.        
Git#3>remote: Counting objects:   0% (1/542)        
Git#3>remote: Counting objects:   1% (6/542)        
Git#3>remote: Counting objects:   2% (11/542)        
Git#3>remote: Counting objects:   3% (17/542)        
Git#3>remote: Counting objects:   4% (22/542)        
Git#3>remote: Counting objects:   5% (28/542)        
Git#3>remote: Counting objects:   6% (33/542)        
Git#3>remote: Counting objects:   7% (38/542)        
Git#3>remote: Counting objects:   8% (44/542)        
Git#3>remote: Counting objects:   9% (49/542)        
Git#3>remote: Counting objects:  10% (55/542)        
Git#3>remote: Counting objects:  11% (60/542)        
Git#3>remote: Counting objects:  12% (66/542)        
Git#3>remote: Counting objects:  13% (71/542)        
Git#3>remote: Counting objects:  14% (76/542)        
Git#3>remote: Counting objects:  15% (82/542)        
Git#3>remote: Counting objects:  16% (87/542)        
Git#3>remote: Counting objects:  17% (93/542)        
Git#3>remote: Counting objects:  18% (98/542)        
Git#3>remote: Counting objects:  19% (103/542)        
Git#3>remote: Counting objects:  20% (109/542)        
Git#3>remote: Counting objects:  21% (114/542)        
Git#3>remote: Counting objects:  22% (120/542)        
Git#3>remote: Counting objects:  23% (125/542)        
Git#3>remote: Counting objects:  24% (131/542)        
Git#3>remote: Counting objects:  25% (136/542)        
Git#3>remote: Counting objects:  26% (141/542)        
Git#3>remote: Counting objects:  27% (147/542)        
Git#3>remote: Counting objects:  28% (152/542)        
Git#3>remote: Counting objects:  29% (158/542)        
Git#3>remote: Counting objects:  30% (163/542)        
Git#3>remote: Counting objects:  31% (169/542)        
Git#3>remote: Counting objects:  32% (174/542)        
Git#3>remote: Counting objects:  33% (179/542)        
Git#3>remote: Counting objects:  34% (185/542)        
Git#3>remote: Counting objects:  35% (190/542)        
Git#3>remote: Counting objects:  36% (196/542)        
Git#3>remote: Counting objects:  37% (201/542)        
Git#3>remote: Counting objects:  38% (206/542)        
Git#3>remote: Counting objects:  39% (212/542)        
Git#3>remote: Counting objects:  40% (217/542)        
Git#3>remote: Counting objects:  41% (223/542)        
Git#3>remote: Counting objects:  42% (228/542)        
Git#3>remote: Counting objects:  43% (234/542)        
Git#3>remote: Counting objects:  44% (239/542)        
Git#3>remote: Counting objects:  45% (244/542)        
Git#3>remote: Counting objects:  46% (250/542)        
Git#3>remote: Counting objects:  47% (255/542)        
Git#3>remote: Counting objects:  48% (261/542)        
Git#3>remote: Counting objects:  49% (266/542)        
Git#3>remote: Counting objects:  50% (271/542)        
Git#3>remote: Counting objects:  51% (277/542)        
Git#3>remote: Counting objects:  52% (282/542)        
Git#3>remote: Counting objects:  53% (288/542)        
Git#3>remote: Counting objects:  54% (293/542)        
Git#3>remote: Counting objects:  55% (299/542)        
Git#3>remote: Counting objects:  56% (304/542)        
Git#3>remote: Counting objects:  57% (309/542)        
Git#3>remote: Counting objects:  58% (315/542)        
Git#3>remote: Counting objects:  59% (320/542)        
Git#3>remote: Counting objects:  60% (326/542)        
Git#3>remote: Counting objects:  61% (331/542)        
Git#3>remote: Counting objects:  62% (337/542)        
Git#3>remote: Counting objects:  63% (342/542)        
Git#3>remote: Counting objects:  64% (347/542)        
Git#3>remote: Counting objects:  65% (353/542)        
Git#3>remote: Counting objects:  66% (358/542)        
Git#3>remote: Counting objects:  67% (364/542)        
Git#3>remote: Counting objects:  68% (369/542)        
Git#3>remote: Counting objects:  69% (374/542)        
Git#3>remote: Counting objects:  70% (380/542)        
Git#3>remote: Counting objects:  71% (385/542)        
Git#3>remote: Counting objects:  72% (391/542)        
Git#3>remote: Counting objects:  73% (396/542)        
Git#3>remote: Counting objects:  74% (402/542)        
Git#3>remote: Counting objects:  75% (407/542)        
Git#3>remote: Counting objects:  76% (412/542)        
Git#3>remote: Counting objects:  77% (418/542)        
Git#3>remote: Counting objects:  78% (423/542)        
Git#3>remote: Counting objects:  79% (429/542)        
Git#3>remote: Counting objects:  80% (434/542)        
Git#3>remote: Counting objects:  81% (440/542)        
Git#3>remote: Counting objects:  82% (445/542)        
Git#3>remote: Counting objects:  83% (450/542)        
Git#3>remote: Counting objects:  84% (456/542)        
Git#3>remote: Counting objects:  85% (461/542)        
Git#3>remote: Counting objects:  86% (467/542)        
Git#3>remote: Counting objects:  87% (472/542)        
Git#3>remote: Counting objects:  88% (477/542)        
Git#3>remote: Counting objects:  89% (483/542)        
Git#3>remote: Counting objects:  90% (488/542)        
Git#3>remote: Counting objects:  91% (494/542)        
Git#3>remote: Counting objects:  92% (499/542)        
Git#3>remote: Counting objects:  93% (505/542)        
Git#3>remote: Counting objects:  94% (510/542)        
Git#3>remote: Counting objects:  95% (515/542)        
Git#3>remote: Counting objects:  96% (521/542)        
Git#3>remote: Counting objects:  97% (526/542)        
Git#3>remote: Counting objects:  98% (532/542)        
Git#3>remote: Counting objects:  99% (537/542)        
Git#3>remote: Counting objects: 100% (542/542)        
Git#3>remote: Counting objects: 100% (542/542), done.        
Git#3>remote: Compressing objects:   0% (1/322)        
Git#3>remote: Compressing objects:   1% (4/322)        
Git#3>remote: Compressing objects:   2% (7/322)        
Git#3>remote: Compressing objects:   3% (10/322)        
Git#3>remote: Compressing objects:   4% (13/322)        
Git#3>remote: Compressing objects:   5% (17/322)        
Git#3>remote: Compressing objects:   6% (20/322)        
Git#3>remote: Compressing objects:   7% (23/322)        
Git#3>remote: Compressing objects:   8% (26/322)        
Git#3>remote: Compressing objects:   9% (29/322)        
Git#3>remote: Compressing objects:  10% (33/322)        
Git#3>remote: Compressing objects:  11% (36/322)        
Git#3>remote: Compressing objects:  12% (39/322)        
Git#3>remote: Compressing objects:  13% (42/322)        
Git#3>remote: Compressing objects:  14% (46/322)        
Git#3>remote: Compressing objects:  15% (49/322)        
Git#3>remote: Compressing objects:  16% (52/322)        
Git#3>remote: Compressing objects:  17% (55/322)        
Git#3>remote: Compressing objects:  18% (58/322)        
Git#3>remote: Compressing objects:  19% (62/322)        
Git#3>remote: Compressing objects:  20% (65/322)        
Git#3>remote: Compressing objects:  21% (68/322)        
Git#3>remote: Compressing objects:  22% (71/322)        
Git#3>remote: Compressing objects:  23% (75/322)        
Git#3>remote: Compressing objects:  24% (78/322)        
Git#3>remote: Compressing objects:  25% (81/322)        
Git#3>remote: Compressing objects:  26% (84/322)        
Git#3>remote: Compressing objects:  27% (87/322)        
Git#3>remote: Compressing objects:  28% (91/322)        
Git#3>remote: Compressing objects:  29% (94/322)        
Git#3>remote: Compressing objects:  30% (97/322)        
Git#3>remote: Compressing objects:  31% (100/322)        
Git#3>remote: Compressing objects:  32% (104/322)        
Git#3>remote: Compressing objects:  33% (107/322)        
Git#3>remote: Compressing objects:  34% (110/322)        
Git#3>remote: Compressing objects:  35% (113/322)        
Git#3>remote: Compressing objects:  36% (116/322)        
Git#3>remote: Compressing objects:  37% (120/322)        
Git#3>remote: Compressing objects:  38% (123/322)        
Git#3>remote: Compressing objects:  39% (126/322)        
Git#3>remote: Compressing objects:  40% (129/322)        
Git#3>remote: Compressing objects:  41% (133/322)        
Git#3>remote: Compressing objects:  42% (136/322)        
Git#3>remote: Compressing objects:  43% (139/322)        
Git#3>remote: Compressing objects:  44% (142/322)        
Git#3>remote: Compressing objects:  45% (145/322)        
Git#3>remote: Compressing objects:  46% (149/322)        
Git#3>remote: Compressing objects:  47% (152/322)        
Git#3>remote: Compressing objects:  48% (155/322)        
Git#3>remote: Compressing objects:  49% (158/322)        
Git#3>remote: Compressing objects:  50% (161/322)        
Git#3>remote: Compressing objects:  51% (165/322)        
Git#3>remote: Compressing objects:  52% (168/322)        
Git#3>remote: Compressing objects:  53% (171/322)        
Git#3>remote: Compressing objects:  54% (174/322)        
Git#3>remote: Compressing objects:  55% (178/322)        
Git#3>remote: Compressing objects:  56% (181/322)        
Git#3>remote: Compressing objects:  57% (184/322)        
Git#3>remote: Compressing objects:  58% (187/322)        
Git#3>remote: Compressing objects:  59% (190/322)        
Git#3>remote: Compressing objects:  60% (194/322)        
Git#3>remote: Compressing objects:  61% (197/322)        
Git#3>remote: Compressing objects:  62% (200/322)        
Git#3>remote: Compressing objects:  63% (203/322)        
Git#3>remote: Compressing objects:  64% (207/322)        
Git#3>remote: Compressing objects:  65% (210/322)        
Git#3>remote: Compressing objects:  66% (213/322)        
Git#3>remote: Compressing objects:  67% (216/322)        
Git#3>remote: Compressing objects:  68% (219/322)        
Git#3>remote: Compressing objects:  69% (223/322)        
Git#3>remote: Compressing objects:  70% (226/322)        
Git#3>remote: Compressing objects:  71% (229/322)        
Git#3>remote: Compressing objects:  72% (232/322)        
Git#3>remote: Compressing objects:  73% (236/322)        
Git#3>remote: Compressing objects:  74% (239/322)        
Git#3>remote: Compressing objects:  75% (242/322)        
Git#3>remote: Compressing objects:  76% (245/322)        
Git#3>remote: Compressing objects:  77% (248/322)        
Git#3>remote: Compressing objects:  78% (252/322)        
Git#3>remote: Compressing objects:  79% (255/322)        
Git#3>remote: Compressing objects:  80% (258/322)        
Git#3>remote: Compressing objects:  81% (261/322)        
Git#3>remote: Compressing objects:  82% (265/322)        
Git#3>remote: Compressing objects:  83% (268/322)        
Git#3>remote: Compressing objects:  84% (271/322)        
Git#3>remote: Compressing objects:  85% (274/322)        
Git#3>remote: Compressing objects:  86% (277/322)        
Git#3>remote: Compressing objects:  87% (281/322)        
Git#3>remote: Compressing objects:  88% (284/322)        
Git#3>remote: Compressing objects:  89% (287/322)        
Git#3>remote: Compressing objects:  90% (290/322)        
Git#3>remote: Compressing objects:  91% (294/322)        
Git#3>remote: Compressing objects:  92% (297/322)        
Git#3>remote: Compressing objects:  93% (300/322)        
Git#3>remote: Compressing objects:  94% (303/322)        
Git#3>remote: Compressing objects:  95% (306/322)        
Git#3>remote: Compressing objects:  96% (310/322)        
Git#3>remote: Compressing objects:  97% (313/322)        
Git#3>remote: Compressing objects:  98% (316/322)        
Git#3>remote: Compressing objects:  99% (319/322)        
Git#3>remote: Compressing objects: 100% (322/322)        
Git#3>remote: Compressing objects: 100% (322/322), done.        
Git#3>Receiving objects:   0% (1/542)
Git#3>Receiving objects:   1% (6/542)
Git#3>Receiving objects:   2% (11/542)
Git#3>Receiving objects:   3% (17/542)
Git#3>Receiving objects:   4% (22/542)
Git#3>Receiving objects:   5% (28/542)
Git#3>Receiving objects:   6% (33/542)
Git#3>Receiving objects:   7% (38/542)
Git#3>Receiving objects:   8% (44/542)
Git#3>remote: Total 542 (delta 248), reused 488 (delta 196), pack-reused 0 (from 0)        
Git#3>Receiving objects:   9% (49/542)
Git#3>Receiving objects:  10% (55/542)
Git#3>Receiving objects:  11% (60/542)
Git#3>Receiving objects:  12% (66/542)
Git#3>Receiving objects:  13% (71/542)
Git#3>Receiving objects:  14% (76/542)
Git#3>Receiving objects:  15% (82/542)
Git#3>Receiving objects:  16% (87/542)
Git#3>Receiving objects:  17% (93/542)
Git#3>Receiving objects:  18% (98/542)
Git#3>Receiving objects:  19% (103/542)
Git#3>Receiving objects:  20% (109/542)
Git#3>Receiving objects:  21% (114/542)
Git#3>Receiving objects:  22% (120/542)
Git#3>Receiving objects:  23% (125/542)
Git#3>Receiving objects:  24% (131/542)
Git#3>Receiving objects:  25% (136/542)
Git#3>Receiving objects:  26% (141/542)
Git#3>Receiving objects:  27% (147/542)
Git#3>Receiving objects:  28% (152/542)
Git#3>Receiving objects:  29% (158/542)
Git#3>Receiving objects:  30% (163/542)
Git#3>Receiving objects:  31% (169/542)
Git#3>Receiving objects:  32% (174/542)
Git#3>Receiving objects:  33% (179/542)
Git#3>Receiving objects:  34% (185/542)
Git#3>Receiving objects:  35% (190/542)
Git#3>Receiving objects:  36% (196/542)
Git#3>Receiving objects:  37% (201/542)
Git#3>Receiving objects:  38% (206/542)
Git#3>Receiving objects:  39% (212/542)
Git#3>Receiving objects:  40% (217/542)
Git#3>Receiving objects:  41% (223/542)
Git#3>Receiving objects:  42% (228/542)
Git#3>Receiving objects:  43% (234/542)
Git#3>Receiving objects:  44% (239/542)
Git#3>Receiving objects:  45% (244/542)
Git#3>Receiving objects:  46% (250/542)
Git#3>Receiving objects:  47% (255/542)
Git#3>Receiving objects:  48% (261/542)
Git#3>Receiving objects:  49% (266/542)
Git#3>Receiving objects:  50% (271/542)
Git#3>Receiving objects:  51% (277/542)
Git#3>Receiving objects:  52% (282/542)
Git#3>Receiving objects:  53% (288/542)
Git#3>Receiving objects:  54% (293/542)
Git#2>remote: Total 164 (delta 9), reused 42 (delta 6), pack-reused 118 (from 1)        
Git#3>Receiving objects:  55% (299/542)
Git#3>Receiving objects:  56% (304/542)
Git#3>Receiving objects:  57% (309/542)
Git#3>Receiving objects:  58% (315/542)
Git#3>Receiving objects:  59% (320/542)
Git#3>Receiving objects:  60% (326/542)
Git#3>Receiving objects:  61% (331/542)
Git#3>Receiving objects:  62% (337/542)
Git#3>Receiving objects:  63% (342/542)
Git#3>Receiving objects:  64% (347/542)
Git#3>Receiving objects:  65% (353/542)
Git#3>Receiving objects:  66% (358/542)
Git#3>Receiving objects:  67% (364/542)
Git#3>Receiving objects:  68% (369/542)
Git#3>Receiving objects:  69% (374/542)
Git#3>Receiving objects:  70% (380/542)
Git#3>Receiving objects:  71% (385/542)
Git#3>Receiving objects:  72% (391/542)
Git#3>Receiving objects:  73% (396/542)
Git#3>Receiving objects:  74% (402/542)
Git#3>Receiving objects:  75% (407/542)
Git#3>Receiving objects:  76% (412/542)
Git#3>Receiving objects:  77% (418/542)
Git#3>Receiving objects:  78% (423/542)
Git#3>Receiving objects:  79% (429/542)
Git#3>Receiving objects:  80% (434/542)
Git#3>Receiving objects:  81% (440/542)
Git#3>Receiving objects:  82% (445/542)
Git#3>Receiving objects:  83% (450/542)
Git#3>Receiving objects:  84% (456/542)
Git#3>Receiving objects:  85% (461/542)
Git#3>Receiving objects:  86% (467/542)
Git#3>Receiving objects:  87% (472/542)
Git#3>Receiving objects:  88% (477/542)
Git#3>Receiving objects:  89% (483/542)
Git#3>Receiving objects:  90% (488/542)
Git#3>Receiving objects:  91% (494/542)
Git#3>Receiving objects:  92% (499/542)
Git#3>Receiving objects:  93% (505/542)
Git#3>Receiving objects:  94% (510/542)
Git#3>Receiving objects:  95% (515/542)
Git#3>Receiving objects:  96% (521/542)
Git#3>Receiving objects:  97% (526/542)
Git#3>Receiving objects:  98% (532/542)
Git#3>Receiving objects:  99% (537/542)
Git#3>Receiving objects: 100% (542/542)
Git#3>Receiving objects: 100% (542/542), 77.31 KiB | 1.64 MiB/s, done.
Git#3>Resolving deltas:   0% (0/248)
Git#3>Resolving deltas:   1% (3/248)
Git#3>Resolving deltas:   2% (6/248)
Git#3>Resolving deltas:   3% (9/248)
Git#3>Resolving deltas:   4% (10/248)
Git#3>Resolving deltas:   5% (13/248)
Git#3>Resolving deltas:   6% (15/248)
Git#3>Resolving deltas:   8% (20/248)
Git#3>Resolving deltas:  10% (25/248)
Git#3>Resolving deltas:  11% (29/248)
Git#3>Resolving deltas:  12% (30/248)
Git#3>Resolving deltas:  13% (33/248)
Git#3>Resolving deltas:  14% (35/248)
Git#3>Resolving deltas:  17% (43/248)
Git#3>Resolving deltas:  19% (48/248)
Git#3>Resolving deltas:  20% (52/248)
Git#3>Resolving deltas:  21% (53/248)
Git#3>Resolving deltas:  22% (56/248)
Git#3>Resolving deltas:  23% (58/248)
Git#3>Resolving deltas:  24% (61/248)
Git#3>Resolving deltas:  25% (62/248)
Git#3>Resolving deltas:  27% (67/248)
Git#3>Resolving deltas:  28% (70/248)
Git#3>Resolving deltas:  30% (75/248)
Git#3>Resolving deltas:  31% (77/248)
Git#3>Resolving deltas:  33% (84/248)
Git#3>Resolving deltas:  35% (89/248)
Git#3>Resolving deltas:  36% (90/248)
Git#3>Resolving deltas:  37% (92/248)
Git#3>Resolving deltas:  38% (96/248)
Git#3>Resolving deltas:  39% (99/248)
Git#3>Resolving deltas:  40% (100/248)
Git#3>Resolving deltas:  41% (102/248)
Git#3>Resolving deltas:  42% (106/248)
Git#3>Resolving deltas:  43% (108/248)
Git#3>Resolving deltas:  45% (112/248)
Git#3>Resolving deltas:  46% (115/248)
Git#3>Resolving deltas:  47% (119/248)
Git#3>Resolving deltas:  48% (121/248)
Git#3>Resolving deltas:  49% (122/248)
Git#3>Resolving deltas:  50% (124/248)
Git#3>Resolving deltas:  51% (127/248)
Git#3>Resolving deltas:  52% (129/248)
Git#3>Resolving deltas:  54% (134/248)
Git#3>Resolving deltas:  56% (140/248)
Git#3>Resolving deltas:  57% (142/248)
Git#3>Resolving deltas:  58% (145/248)
Git#3>Resolving deltas:  59% (147/248)
Git#3>Resolving deltas:  60% (150/248)
Git#3>Resolving deltas:  61% (152/248)
Git#3>Resolving deltas:  62% (154/248)
Git#3>Resolving deltas:  64% (159/248)
Git#3>Resolving deltas:  65% (163/248)
Git#3>Resolving deltas:  66% (164/248)
Git#3>Resolving deltas:  68% (169/248)
Git#3>Resolving deltas:  69% (172/248)
Git#3>Resolving deltas:  70% (174/248)
Git#3>Resolving deltas:  72% (179/248)
Git#3>Resolving deltas:  73% (182/248)
Git#3>Resolving deltas:  74% (185/248)
Git#3>Resolving deltas:  75% (186/248)
Git#3>Resolving deltas:  77% (192/248)
Git#3>Resolving deltas:  78% (194/248)
Git#3>Resolving deltas:  79% (197/248)
Git#3>Resolving deltas:  80% (199/248)
Git#3>Resolving deltas:  81% (201/248)
Git#3>Resolving deltas:  82% (204/248)
Git#3>Resolving deltas:  83% (207/248)
Git#3>Resolving deltas:  85% (211/248)
Git#3>Resolving deltas:  86% (214/248)
Git#3>Resolving deltas:  87% (216/248)
Git#3>Resolving deltas:  88% (219/248)
Git#3>Resolving deltas:  89% (223/248)
Git#3>Resolving deltas:  91% (228/248)
Git#3>Resolving deltas:  93% (233/248)
Git#3>Resolving deltas:  95% (238/248)
Git#3>Resolving deltas:  96% (240/248)
Git#3>Resolving deltas:  97% (242/248)
Git#3>Resolving deltas:  98% (244/248)
Git#3>Resolving deltas:  99% (246/248)
Git#3>Resolving deltas: 100% (248/248)
Git#3>Resolving deltas: 100% (248/248), done.
Git#2>Receiving objects:   0% (1/164)
Git#2>Receiving objects:   1% (2/164)
Git#2>Receiving objects:   2% (4/164)
Git#2>Receiving objects:   3% (5/164)
Git#2>Receiving objects:   4% (7/164)
Git#2>Receiving objects:   5% (9/164)
Git#2>Receiving objects:   6% (10/164)
Git#2>Receiving objects:   7% (12/164)
Git#2>Receiving objects:   8% (14/164)
Git#2>Receiving objects:   9% (15/164)
Git#2>Receiving objects:  10% (17/164)
Git#2>Receiving objects:  11% (19/164)
Git#2>Receiving objects:  12% (20/164)
Git#2>Receiving objects:  13% (22/164)
Git#2>Receiving objects:  14% (23/164)
Git#2>Receiving objects:  15% (25/164)
Git#2>Receiving objects:  16% (27/164)
Git#2>Receiving objects:  17% (28/164)
Git#2>Receiving objects:  18% (30/164)
Git#2>Receiving objects:  19% (32/164)
Git#2>Receiving objects:  20% (33/164)
Git#2>Receiving objects:  21% (35/164)
Git#2>Receiving objects:  22% (37/164)
Git#2>Receiving objects:  23% (38/164)
Git#2>Receiving objects:  24% (40/164)
Git#2>Receiving objects:  25% (41/164)
Git#2>Receiving objects:  26% (43/164)
Git#2>Receiving objects:  27% (45/164)
Git#2>Receiving objects:  28% (46/164)
Git#2>Receiving objects:  29% (48/164)
Git#2>Receiving objects:  30% (50/164)
Git#2>Receiving objects:  31% (51/164)
Git#2>Receiving objects:  32% (53/164)
Git#2>Receiving objects:  33% (55/164)
Git#2>Receiving objects:  34% (56/164)
Git#2>Receiving objects:  35% (58/164)
Git#2>Receiving objects:  36% (60/164)
Git#2>Receiving objects:  37% (61/164)
Git#2>Receiving objects:  38% (63/164)
Git#2>Receiving objects:  39% (64/164)
Git#2>Receiving objects:  40% (66/164)
Git#2>Receiving objects:  41% (68/164)
Git#2>Receiving objects:  42% (69/164)
Git#2>Receiving objects:  43% (71/164)
Git#2>Receiving objects:  44% (73/164)
Git#2>Receiving objects:  45% (74/164)
Git#2>Receiving objects:  46% (76/164)
Git#2>Receiving objects:  47% (78/164)
Git#2>Receiving objects:  48% (79/164)
Git#2>Receiving objects:  49% (81/164)
Git#2>Receiving objects:  50% (82/164)
Git#2>Receiving objects:  51% (84/164)
Git#2>Receiving objects:  52% (86/164)
Git#2>Receiving objects:  53% (87/164)
Git#2>Receiving objects:  54% (89/164)
Git#2>Receiving objects:  55% (91/164)
Git#2>Receiving objects:  56% (92/164)
Git#2>Receiving objects:  57% (94/164)
Git#2>Receiving objects:  58% (96/164)
Git#2>Receiving objects:  59% (97/164)
Git#2>Receiving objects:  60% (99/164)
Git#2>Receiving objects:  61% (101/164)
Git#2>Receiving objects:  62% (102/164)
Git#2>Receiving objects:  63% (104/164)
Git#2>Receiving objects:  64% (105/164)
Git#2>Receiving objects:  65% (107/164)
Git#2>Receiving objects:  66% (109/164)
Git#2>Receiving objects:  67% (110/164)
Git#2>Receiving objects:  68% (112/164)
Git#2>Receiving objects:  69% (114/164)
Git#2>Receiving objects:  70% (115/164)
Git#2>Receiving objects:  71% (117/164)
Git#2>Receiving objects:  72% (119/164)
Git#2>Receiving objects:  73% (120/164)
Git#2>Receiving objects:  74% (122/164)
Git#2>Receiving objects:  75% (123/164)
Git#2>Receiving objects:  76% (125/164)
Git#2>Receiving objects:  77% (127/164)
Git#2>Receiving objects:  78% (128/164)
Git#2>Receiving objects:  79% (130/164)
Git#2>Receiving objects:  80% (132/164)
Git#2>Receiving objects:  81% (133/164)
Git#2>Receiving objects:  82% (135/164)
Git#2>Receiving objects:  83% (137/164)
Git#2>Receiving objects:  84% (138/164)
Git#2>Receiving objects:  85% (140/164)
Git#2>Receiving objects:  86% (142/164)
Git#2>Receiving objects:  87% (143/164)
Git#2>Receiving objects:  88% (145/164)
Git#2>Receiving objects:  89% (146/164)
Git#2>Receiving objects:  90% (148/164)
Git#2>Receiving objects:  91% (150/164)
Git#3>Success: git -C C:/Users/Patron/WallE/mtb_shared/btstack-integration clone --progress --origin cypress --no-checkout --filter=blob:none https://github.com/Infineon/btstack-integration release-v6.2.1
Git#7>Starting: git -C C:/Users/Patron/WallE/mtb_shared/btstack clone --progress --origin cypress --no-checkout --filter=blob:none https://github.com/cypresssemiconductorco/btstack release-v4.1.5
Git#2>Receiving objects:  92% (151/164)
Git#2>Receiving objects:  93% (153/164)
Git#2>Receiving objects:  94% (155/164)
Git#2>Receiving objects:  95% (156/164)
Git#2>Receiving objects:  96% (158/164)
Git#2>Receiving objects:  97% (160/164)
Git#2>Receiving objects:  98% (161/164)
Git#2>Receiving objects:  99% (163/164)
Git#2>Receiving objects: 100% (164/164)
Git#2>Receiving objects: 100% (164/164), 32.33 KiB | 919.00 KiB/s, done.
Git#2>Resolving deltas:   0% (0/28)
Git#2>Resolving deltas:   3% (1/28)
Git#2>Resolving deltas:   7% (2/28)
Git#2>Resolving deltas:  10% (3/28)
Git#2>Resolving deltas:  14% (4/28)
Git#2>Resolving deltas:  17% (5/28)
Git#2>Resolving deltas:  21% (6/28)
Git#2>Resolving deltas:  25% (7/28)
Git#2>Resolving deltas:  28% (8/28)
Git#2>Resolving deltas:  32% (9/28)
Git#2>Resolving deltas:  35% (10/28)
Git#2>Resolving deltas:  39% (11/28)
Git#2>Resolving deltas:  42% (12/28)
Git#2>Resolving deltas:  46% (13/28)
Git#2>Resolving deltas:  53% (15/28)
Git#2>Resolving deltas:  57% (16/28)
Git#2>Resolving deltas:  60% (17/28)
Git#2>Resolving deltas:  64% (18/28)
Git#2>Resolving deltas:  67% (19/28)
Git#2>Resolving deltas:  71% (20/28)
Git#2>Resolving deltas:  75% (21/28)
Git#2>Resolving deltas:  82% (23/28)
Git#2>Resolving deltas:  85% (24/28)
Git#2>Resolving deltas:  96% (27/28)
Git#2>Resolving deltas: 100% (28/28)
Git#2>Resolving deltas: 100% (28/28), done.
Git#2>Success: git -C C:/Users/Patron/WallE/Bluetooth_LE_Hello_Sensor/libs clone --progress --origin cypress --no-checkout --filter=blob:none https://github.com/cypresssemiconductorco/TARGET_CY8CPROTO-063-BLE TARGET_CY8CPROTO-063-BLE
Git#8>Starting: git -C C:/Users/Patron/WallE/mtb_shared/freertos clone --progress --origin cypress --no-checkout --filter=blob:none https://github.com/cypresssemiconductorco/freertos release-v10.6.202
Git#6>remote: Enumerating objects: 45, done.        
Git#6>remote: Counting objects:   7% (1/13)        
Git#6>remote: Counting objects:  15% (2/13)        
Git#6>remote: Counting objects:  23% (3/13)        
Git#6>remote: Counting objects:  30% (4/13)        
Git#6>remote: Counting objects:  38% (5/13)        
Git#6>remote: Counting objects:  46% (6/13)        
Git#6>remote: Counting objects:  53% (7/13)        
Git#6>remote: Counting objects:  61% (8/13)        
Git#6>remote: Counting objects:  69% (9/13)        
Git#6>remote: Counting objects:  76% (10/13)        
Git#6>remote: Counting objects:  84% (11/13)        
Git#6>remote: Counting objects:  92% (12/13)        
Git#6>remote: Counting objects: 100% (13/13)        
Git#6>remote: Counting objects: 100% (13/13), done.        
Git#6>remote: Compressing objects:  10% (1/10)        
Git#6>remote: Compressing objects:  20% (2/10)        
Git#6>remote: Compressing objects:  30% (3/10)        
Git#6>remote: Compressing objects:  40% (4/10)        
Git#6>remote: Compressing objects:  50% (5/10)        
Git#6>remote: Compressing objects:  60% (6/10)        
Git#6>remote: Compressing objects:  70% (7/10)        
Git#6>remote: Compressing objects:  80% (8/10)        
Git#6>remote: Compressing objects:  90% (9/10)        
Git#6>remote: Compressing objects: 100% (10/10)        
Git#6>remote: Compressing objects: 100% (10/10), done.        
Git#6>remote: Total 45 (delta 4), reused 11 (delta 3), pack-reused 32 (from 1)        
Git#4>remote: Enumerating objects: 36, done.        
Git#4>remote: Counting objects:   2% (1/36)        
Git#4>remote: Counting objects:   5% (2/36)        
Git#4>remote: Counting objects:   8% (3/36)        
Git#4>remote: Counting objects:  11% (4/36)        
Git#4>remote: Counting objects:  13% (5/36)        
Git#4>remote: Counting objects:  16% (6/36)        
Git#4>remote: Counting objects:  19% (7/36)        
Git#4>remote: Counting objects:  22% (8/36)        
Git#4>remote: Counting objects:  25% (9/36)        
Git#4>remote: Counting objects:  27% (10/36)        
Git#4>remote: Counting objects:  30% (11/36)        
Git#4>remote: Counting objects:  33% (12/36)        
Git#4>remote: Counting objects:  36% (13/36)        
Git#4>remote: Counting objects:  38% (14/36)        
Git#4>remote: Counting objects:  41% (15/36)        
Git#4>remote: Counting objects:  44% (16/36)        
Git#4>remote: Counting objects:  47% (17/36)        
Git#4>remote: Counting objects:  50% (18/36)        
Git#4>remote: Counting objects:  52% (19/36)        
Git#4>remote: Counting objects:  55% (20/36)        
Git#4>remote: Counting objects:  58% (21/36)        
Git#4>remote: Counting objects:  61% (22/36)        
Git#4>remote: Counting objects:  63% (23/36)        
Git#4>remote: Counting objects:  66% (24/36)        
Git#4>remote: Counting objects:  69% (25/36)        
Git#4>remote: Counting objects:  72% (26/36)        
Git#4>remote: Counting objects:  75% (27/36)        
Git#4>remote: Counting objects:  77% (28/36)        
Git#4>remote: Counting objects:  80% (29/36)        
Git#4>remote: Counting objects:  83% (30/36)        
Git#4>remote: Counting objects:  86% (31/36)        
Git#4>remote: Counting objects:  88% (32/36)        
Git#4>remote: Counting objects:  91% (33/36)        
Git#4>remote: Counting objects:  94% (34/36)        
Git#4>remote: Counting objects:  97% (35/36)        
Git#4>remote: Counting objects: 100% (36/36)        
Git#4>remote: Counting objects: 100% (36/36), done.        
Git#4>remote: Compressing objects:   4% (1/22)        
Git#4>remote: Compressing objects:   9% (2/22)        
Git#4>remote: Compressing objects:  13% (3/22)        
Git#4>remote: Compressing objects:  18% (4/22)        
Git#4>remote: Compressing objects:  22% (5/22)        
Git#4>remote: Compressing objects:  27% (6/22)        
Git#4>remote: Compressing objects:  31% (7/22)        
Git#4>remote: Compressing objects:  36% (8/22)        
Git#4>remote: Compressing objects:  40% (9/22)        
Git#4>remote: Compressing objects:  45% (10/22)        
Git#4>remote: Compressing objects:  50% (11/22)        
Git#4>remote: Compressing objects:  54% (12/22)        
Git#4>remote: Compressing objects:  59% (13/22)        
Git#4>remote: Compressing objects:  63% (14/22)        
Git#4>remote: Compressing objects:  68% (15/22)        
Git#4>remote: Compressing objects:  72% (16/22)        
Git#4>remote: Compressing objects:  77% (17/22)        
Git#4>remote: Compressing objects:  81% (18/22)        
Git#4>remote: Compressing objects:  86% (19/22)        
Git#4>remote: Compressing objects:  90% (20/22)        
Git#4>remote: Compressing objects:  95% (21/22)        
Git#4>remote: Compressing objects: 100% (22/22)        
Git#4>remote: Compressing objects: 100% (22/22), done.        
Git#4>remote: Total 36 (delta 10), reused 34 (delta 10), pack-reused 0 (from 0)        
Git#7>Cloning into 'release-v4.1.5'...
Git#6>Receiving objects:   2% (1/45)
Git#6>Receiving objects:   4% (2/45)
Git#6>Receiving objects:   6% (3/45)
Git#6>Receiving objects:   8% (4/45)
Git#6>Receiving objects:  11% (5/45)
Git#6>Receiving objects:  13% (6/45)
Git#6>Receiving objects:  15% (7/45)
Git#6>Receiving objects:  17% (8/45)
Git#6>Receiving objects:  20% (9/45)
Git#6>Receiving objects:  22% (10/45)
Git#6>Receiving objects:  24% (11/45)
Git#6>Receiving objects:  26% (12/45)
Git#6>Receiving objects:  28% (13/45)
Git#6>Receiving objects:  31% (14/45)
Git#6>Receiving objects:  33% (15/45)
Git#6>Receiving objects:  35% (16/45)
Git#6>Receiving objects:  37% (17/45)
Git#6>Receiving objects:  40% (18/45)
Git#6>Receiving objects:  42% (19/45)
Git#6>Receiving objects:  44% (20/45)
Git#6>Receiving objects:  46% (21/45)
Git#6>Receiving objects:  48% (22/45)
Git#6>Receiving objects:  51% (23/45)
Git#6>Receiving objects:  53% (24/45)
Git#6>Receiving objects:  55% (25/45)
Git#6>Receiving objects:  57% (26/45)
Git#6>Receiving objects:  60% (27/45)
Git#6>Receiving objects:  62% (28/45)
Git#6>Receiving objects:  64% (29/45)
Git#6>Receiving objects:  66% (30/45)
Git#6>Receiving objects:  68% (31/45)
Git#6>Receiving objects:  71% (32/45)
Git#6>Receiving objects:  73% (33/45)
Git#6>Receiving objects:  75% (34/45)
Git#6>Receiving objects:  77% (35/45)
Git#6>Receiving objects:  80% (36/45)
Git#6>Receiving objects:  82% (37/45)
Git#6>Receiving objects:  84% (38/45)
Git#6>Receiving objects:  86% (39/45)
Git#6>Receiving objects:  88% (40/45)
Git#6>Receiving objects:  91% (41/45)
Git#6>Receiving objects:  93% (42/45)
Git#6>Receiving objects:  95% (43/45)
Git#6>Receiving objects:  97% (44/45)
Git#6>Receiving objects: 100% (45/45)
Git#6>Receiving objects: 100% (45/45), 10.38 KiB | 664.00 KiB/s, done.
Git#6>Resolving deltas:   0% (0/15)
Git#6>Resolving deltas:   6% (1/15)
Git#6>Resolving deltas:  13% (2/15)
Git#6>Resolving deltas:  20% (3/15)
Git#6>Resolving deltas:  26% (4/15)
Git#6>Resolving deltas:  33% (5/15)
Git#6>Resolving deltas:  40% (6/15)
Git#6>Resolving deltas:  46% (7/15)
Git#6>Resolving deltas:  53% (8/15)
Git#6>Resolving deltas:  60% (9/15)
Git#6>Resolving deltas:  66% (10/15)
Git#6>Resolving deltas:  73% (11/15)
Git#6>Resolving deltas:  80% (12/15)
Git#6>Resolving deltas:  86% (13/15)
Git#6>Resolving deltas:  93% (14/15)
Git#6>Resolving deltas: 100% (15/15)
Git#6>Resolving deltas: 100% (15/15), done.
Git#4>Receiving objects:   2% (1/36)
Git#4>Receiving objects:   5% (2/36)
Git#4>Receiving objects:   8% (3/36)
Git#4>Receiving objects:  11% (4/36)
Git#4>Receiving objects:  13% (5/36)
Git#4>Receiving objects:  16% (6/36)
Git#4>Receiving objects:  19% (7/36)
Git#4>Receiving objects:  22% (8/36)
Git#4>Receiving objects:  25% (9/36)
Git#4>Receiving objects:  27% (10/36)
Git#4>Receiving objects:  30% (11/36)
Git#4>Receiving objects:  33% (12/36)
Git#4>Receiving objects:  36% (13/36)
Git#4>Receiving objects:  38% (14/36)
Git#4>Receiving objects:  41% (15/36)
Git#4>Receiving objects:  44% (16/36)
Git#4>Receiving objects:  47% (17/36)
Git#4>Receiving objects:  50% (18/36)
Git#4>Receiving objects:  52% (19/36)
Git#4>Receiving objects:  55% (20/36)
Git#4>Receiving objects:  58% (21/36)
Git#4>Receiving objects:  61% (22/36)
Git#4>Receiving objects:  63% (23/36)
Git#4>Receiving objects:  66% (24/36)
Git#4>Receiving objects:  69% (25/36)
Git#4>Receiving objects:  72% (26/36)
Git#4>Receiving objects:  75% (27/36)
Git#4>Receiving objects:  77% (28/36)
Git#4>Receiving objects:  80% (29/36)
Git#4>Receiving objects:  83% (30/36)
Git#4>Receiving objects:  86% (31/36)
Git#4>Receiving objects:  88% (32/36)
Git#4>Receiving objects:  91% (33/36)
Git#4>Receiving objects:  94% (34/36)
Git#4>Receiving objects:  97% (35/36)
Git#4>Receiving objects: 100% (36/36)
Git#4>Receiving objects: 100% (36/36), 8.19 KiB | 698.00 KiB/s, done.
Git#4>Resolving deltas:   0% (0/10)
Git#4>Resolving deltas:  10% (1/10)
Git#4>Resolving deltas:  20% (2/10)
Git#4>Resolving deltas:  30% (3/10)
Git#4>Resolving deltas:  40% (4/10)
Git#4>Resolving deltas:  50% (5/10)
Git#4>Resolving deltas:  60% (6/10)
Git#4>Resolving deltas:  70% (7/10)
Git#4>Resolving deltas:  80% (8/10)
Git#4>Resolving deltas:  90% (9/10)
Git#4>Resolving deltas: 100% (10/10)
Git#4>Resolving deltas: 100% (10/10), done.
Git#8>Cloning into 'release-v10.6.202'...
Git#6>Success: git -C C:/Users/Patron/WallE/mtb_shared/serial-flash clone --progress --origin cypress --no-checkout --filter=blob:none https://github.com/cypresssemiconductorco/serial-flash release-v1.4.3
Git#9>Starting: git -C C:/Users/Patron/WallE/mtb_shared/abstraction-rtos/release-v1.12.0 -c advice.detachedHead=false checkout --progress release-v1.12.0
Git#4>Success: git -C C:/Users/Patron/WallE/mtb_shared/kv-store clone --progress --origin cypress --no-checkout --filter=blob:none https://github.com/cypresssemiconductorco/kv-store release-v1.1.1
Git#10>Starting: git -C C:/Users/Patron/WallE/mtb_shared/clib-support/release-v1.8.0 -c advice.detachedHead=false checkout --progress release-v1.8.0
Git#9>HEAD is now at 1b07347 Upload abstraction-rtos [4092]
Git#9>Success: git -C C:/Users/Patron/WallE/mtb_shared/abstraction-rtos/release-v1.12.0 -c advice.detachedHead=false checkout --progress release-v1.12.0
Git#11>Starting: git -C C:/Users/Patron/WallE/mtb_shared/cat1cm0p clone --progress --origin cypress --no-checkout --filter=blob:none https://github.com/Infineon/cat1cm0p release-v1.11.0
Git#11>Cloning into 'release-v1.11.0'...
Git#10>HEAD is now at 5e534ad Upload clib-support [4092]
Git#10>Success: git -C C:/Users/Patron/WallE/mtb_shared/clib-support/release-v1.8.0 -c advice.detachedHead=false checkout --progress release-v1.8.0
Git#12>Starting: git -C C:/Users/Patron/WallE/mtb_shared/core-lib/release-v1.7.0 -c advice.detachedHead=false checkout --progress release-v1.7.0
Git#8>remote: Enumerating objects: 289, done.        
Git#8>remote: Counting objects:   0% (1/267)        
Git#8>remote: Counting objects:   1% (3/267)        
Git#8>remote: Counting objects:   2% (6/267)        
Git#8>remote: Counting objects:   3% (9/267)        
Git#8>remote: Counting objects:   4% (11/267)        
Git#8>remote: Counting objects:   5% (14/267)        
Git#8>remote: Counting objects:   6% (17/267)        
Git#8>remote: Counting objects:   7% (19/267)        
Git#8>remote: Counting objects:   8% (22/267)        
Git#8>remote: Counting objects:   9% (25/267)        
Git#8>remote: Counting objects:  10% (27/267)        
Git#8>remote: Counting objects:  11% (30/267)        
Git#8>remote: Counting objects:  12% (33/267)        
Git#8>remote: Counting objects:  13% (35/267)        
Git#8>remote: Counting objects:  14% (38/267)        
Git#8>remote: Counting objects:  15% (41/267)        
Git#8>remote: Counting objects:  16% (43/267)        
Git#8>remote: Counting objects:  17% (46/267)        
Git#8>remote: Counting objects:  18% (49/267)        
Git#8>remote: Counting objects:  19% (51/267)        
Git#8>remote: Counting objects:  20% (54/267)        
Git#8>remote: Counting objects:  21% (57/267)        
Git#8>remote: Counting objects:  22% (59/267)        
Git#8>remote: Counting objects:  23% (62/267)        
Git#8>remote: Counting objects:  24% (65/267)        
Git#8>remote: Counting objects:  25% (67/267)        
Git#8>remote: Counting objects:  26% (70/267)        
Git#8>remote: Counting objects:  27% (73/267)        
Git#8>remote: Counting objects:  28% (75/267)        
Git#8>remote: Counting objects:  29% (78/267)        
Git#8>remote: Counting objects:  30% (81/267)        
Git#8>remote: Counting objects:  31% (83/267)        
Git#8>remote: Counting objects:  32% (86/267)        
Git#8>remote: Counting objects:  33% (89/267)        
Git#8>remote: Counting objects:  34% (91/267)        
Git#8>remote: Counting objects:  35% (94/267)        
Git#8>remote: Counting objects:  36% (97/267)        
Git#8>remote: Counting objects:  37% (99/267)        
Git#8>remote: Counting objects:  38% (102/267)        
Git#8>remote: Counting objects:  39% (105/267)        
Git#8>remote: Counting objects:  40% (107/267)        
Git#8>remote: Counting objects:  41% (110/267)        
Git#8>remote: Counting objects:  42% (113/267)        
Git#8>remote: Counting objects:  43% (115/267)        
Git#8>remote: Counting objects:  44% (118/267)        
Git#8>remote: Counting objects:  45% (121/267)        
Git#8>remote: Counting objects:  46% (123/267)        
Git#8>remote: Counting objects:  47% (126/267)        
Git#8>remote: Counting objects:  48% (129/267)        
Git#8>remote: Counting objects:  49% (131/267)        
Git#8>remote: Counting objects:  50% (134/267)        
Git#8>remote: Counting objects:  51% (137/267)        
Git#8>remote: Counting objects:  52% (139/267)        
Git#8>remote: Counting objects:  53% (142/267)        
Git#8>remote: Counting objects:  54% (145/267)        
Git#8>remote: Counting objects:  55% (147/267)        
Git#8>remote: Counting objects:  56% (150/267)        
Git#8>remote: Counting objects:  57% (153/267)        
Git#8>remote: Counting objects:  58% (155/267)        
Git#8>remote: Counting objects:  59% (158/267)        
Git#8>remote: Counting objects:  60% (161/267)        
Git#8>remote: Counting objects:  61% (163/267)        
Git#8>remote: Counting objects:  62% (166/267)        
Git#8>remote: Counting objects:  63% (169/267)        
Git#8>remote: Counting objects:  64% (171/267)        
Git#8>remote: Counting objects:  65% (174/267)        
Git#8>remote: Counting objects:  66% (177/267)        
Git#8>remote: Counting objects:  67% (179/267)        
Git#8>remote: Counting objects:  68% (182/267)        
Git#8>remote: Counting objects:  69% (185/267)        
Git#8>remote: Counting objects:  70% (187/267)        
Git#8>remote: Counting objects:  71% (190/267)        
Git#8>remote: Counting objects:  72% (193/267)        
Git#8>remote: Counting objects:  73% (195/267)        
Git#8>remote: Counting objects:  74% (198/267)        
Git#8>remote: Counting objects:  75% (201/267)        
Git#8>remote: Counting objects:  76% (203/267)        
Git#8>remote: Counting objects:  77% (206/267)        
Git#8>remote: Counting objects:  78% (209/267)        
Git#8>remote: Counting objects:  79% (211/267)        
Git#8>remote: Counting objects:  80% (214/267)        
Git#8>remote: Counting objects:  81% (217/267)        
Git#8>remote: Counting objects:  82% (219/267)        
Git#8>remote: Counting objects:  83% (222/267)        
Git#8>remote: Counting objects:  84% (225/267)        
Git#8>remote: Counting objects:  85% (227/267)        
Git#8>remote: Counting objects:  86% (230/267)        
Git#8>remote: Counting objects:  87% (233/267)        
Git#8>remote: Counting objects:  88% (235/267)        
Git#8>remote: Counting objects:  89% (238/267)        
Git#8>remote: Counting objects:  90% (241/267)        
Git#8>remote: Counting objects:  91% (243/267)        
Git#8>remote: Counting objects:  92% (246/267)        
Git#8>remote: Counting objects:  93% (249/267)        
Git#8>remote: Counting objects:  94% (251/267)        
Git#8>remote: Counting objects:  95% (254/267)        
Git#8>remote: Counting objects:  96% (257/267)        
Git#8>remote: Counting objects:  97% (259/267)        
Git#8>remote: Counting objects:  98% (262/267)        
Git#8>remote: Counting objects:  99% (265/267)        
Git#8>remote: Counting objects: 100% (267/267)        
Git#8>remote: Counting objects: 100% (267/267), done.        
Git#8>remote: Compressing objects:   0% (1/207)        
Git#8>remote: Compressing objects:   1% (3/207)        
Git#8>remote: Compressing objects:   2% (5/207)        
Git#8>remote: Compressing objects:   3% (7/207)        
Git#8>remote: Compressing objects:   4% (9/207)        
Git#8>remote: Compressing objects:   5% (11/207)        
Git#8>remote: Compressing objects:   6% (13/207)        
Git#8>remote: Compressing objects:   7% (15/207)        
Git#8>remote: Compressing objects:   8% (17/207)        
Git#8>remote: Compressing objects:   9% (19/207)        
Git#8>remote: Compressing objects:  10% (21/207)        
Git#8>remote: Compressing objects:  11% (23/207)        
Git#8>remote: Compressing objects:  12% (25/207)        
Git#8>remote: Compressing objects:  13% (27/207)        
Git#8>remote: Compressing objects:  14% (29/207)        
Git#8>remote: Compressing objects:  15% (32/207)        
Git#8>remote: Compressing objects:  16% (34/207)        
Git#8>remote: Compressing objects:  17% (36/207)        
Git#8>remote: Compressing objects:  18% (38/207)        
Git#8>remote: Compressing objects:  19% (40/207)        
Git#8>remote: Compressing objects:  20% (42/207)        
Git#8>remote: Compressing objects:  21% (44/207)        
Git#8>remote: Compressing objects:  22% (46/207)        
Git#8>remote: Compressing objects:  23% (48/207)        
Git#8>remote: Compressing objects:  24% (50/207)        
Git#8>remote: Compressing objects:  25% (52/207)        
Git#8>remote: Compressing objects:  26% (54/207)        
Git#8>remote: Compressing objects:  27% (56/207)        
Git#8>remote: Compressing objects:  28% (58/207)        
Git#8>remote: Compressing objects:  29% (61/207)        
Git#8>remote: Compressing objects:  30% (63/207)        
Git#8>remote: Compressing objects:  31% (65/207)        
Git#8>remote: Compressing objects:  32% (67/207)        
Git#8>remote: Compressing objects:  33% (69/207)        
Git#8>remote: Compressing objects:  34% (71/207)        
Git#8>remote: Compressing objects:  35% (73/207)        
Git#8>remote: Compressing objects:  36% (75/207)        
Git#8>remote: Compressing objects:  37% (77/207)        
Git#8>remote: Compressing objects:  38% (79/207)        
Git#8>remote: Compressing objects:  39% (81/207)        
Git#8>remote: Compressing objects:  40% (83/207)        
Git#8>remote: Compressing objects:  41% (85/207)        
Git#8>remote: Compressing objects:  42% (87/207)        
Git#8>remote: Compressing objects:  43% (90/207)        
Git#8>remote: Compressing objects:  44% (92/207)        
Git#8>remote: Compressing objects:  45% (94/207)        
Git#8>remote: Compressing objects:  46% (96/207)        
Git#8>remote: Compressing objects:  47% (98/207)        
Git#8>remote: Compressing objects:  48% (100/207)        
Git#8>remote: Compressing objects:  49% (102/207)        
Git#8>remote: Compressing objects:  50% (104/207)        
Git#8>remote: Compressing objects:  51% (106/207)        
Git#8>remote: Compressing objects:  52% (108/207)        
Git#8>remote: Compressing objects:  53% (110/207)        
Git#8>remote: Compressing objects:  54% (112/207)        
Git#8>remote: Compressing objects:  55% (114/207)        
Git#8>remote: Compressing objects:  56% (116/207)        
Git#8>remote: Compressing objects:  57% (118/207)        
Git#8>remote: Compressing objects:  58% (121/207)        
Git#8>remote: Compressing objects:  59% (123/207)        
Git#8>remote: Compressing objects:  60% (125/207)        
Git#8>remote: Compressing objects:  61% (127/207)        
Git#8>remote: Compressing objects:  62% (129/207)        
Git#8>remote: Compressing objects:  63% (131/207)        
Git#8>remote: Compressing objects:  64% (133/207)        
Git#8>remote: Compressing objects:  65% (135/207)        
Git#8>remote: Compressing objects:  66% (137/207)        
Git#8>remote: Compressing objects:  67% (139/207)        
Git#8>remote: Compressing objects:  68% (141/207)        
Git#8>remote: Compressing objects:  69% (143/207)        
Git#8>remote: Compressing objects:  70% (145/207)        
Git#8>remote: Compressing objects:  71% (147/207)        
Git#8>remote: Compressing objects:  72% (150/207)        
Git#8>remote: Compressing objects:  73% (152/207)        
Git#8>remote: Compressing objects:  74% (154/207)        
Git#8>remote: Compressing objects:  75% (156/207)        
Git#8>remote: Compressing objects:  76% (158/207)        
Git#8>remote: Compressing objects:  77% (160/207)        
Git#8>remote: Compressing objects:  78% (162/207)        
Git#8>remote: Compressing objects:  79% (164/207)        
Git#8>remote: Compressing objects:  80% (166/207)        
Git#8>remote: Compressing objects:  81% (168/207)        
Git#8>remote: Compressing objects:  82% (170/207)        
Git#8>remote: Compressing objects:  83% (172/207)        
Git#8>remote: Compressing objects:  84% (174/207)        
Git#8>remote: Compressing objects:  85% (176/207)        
Git#8>remote: Compressing objects:  86% (179/207)        
Git#8>remote: Compressing objects:  87% (181/207)        
Git#8>remote: Compressing objects:  88% (183/207)        
Git#8>remote: Compressing objects:  89% (185/207)        
Git#8>remote: Compressing objects:  90% (187/207)        
Git#8>remote: Compressing objects:  91% (189/207)        
Git#8>remote: Compressing objects:  92% (191/207)        
Git#8>remote: Compressing objects:  93% (193/207)        
Git#8>remote: Compressing objects:  94% (195/207)        
Git#8>remote: Compressing objects:  95% (197/207)        
Git#8>remote: Compressing objects:  96% (199/207)        
Git#8>remote: Compressing objects:  97% (201/207)        
Git#8>remote: Compressing objects:  98% (203/207)        
Git#8>remote: Compressing objects:  99% (205/207)        
Git#8>remote: Compressing objects: 100% (207/207)        
Git#8>remote: Compressing objects: 100% (207/207), done.        
Git#7>remote: Enumerating objects: 3358, done.        
Git#7>remote: Counting objects:  50% (1/2)        
Git#7>remote: Counting objects: 100% (2/2)        
Git#7>remote: Counting objects: 100% (2/2), done.        
Git#8>remote: Total 289 (delta 84), reused 242 (delta 60), pack-reused 22 (from 1)        
Git#8>Receiving objects:   0% (1/289)
Git#8>Receiving objects:   1% (3/289)
Git#8>Receiving objects:   2% (6/289)
Git#8>Receiving objects:   3% (9/289)
Git#8>Receiving objects:   4% (12/289)
Git#8>Receiving objects:   5% (15/289)
Git#8>Receiving objects:   6% (18/289)
Git#8>Receiving objects:   7% (21/289)
Git#8>Receiving objects:   8% (24/289)
Git#8>Receiving objects:   9% (27/289)
Git#8>Receiving objects:  10% (29/289)
Git#8>Receiving objects:  11% (32/289)
Git#8>Receiving objects:  12% (35/289)
Git#8>Receiving objects:  13% (38/289)
Git#8>Receiving objects:  14% (41/289)
Git#8>Receiving objects:  15% (44/289)
Git#12>HEAD is now at b2a7ce7 Upload core-lib [4611]
Git#8>Receiving objects:  16% (47/289)
Git#8>Receiving objects:  17% (50/289)
Git#8>Receiving objects:  18% (53/289)
Git#8>Receiving objects:  19% (55/289)
Git#8>Receiving objects:  20% (58/289)
Git#8>Receiving objects:  21% (61/289)
Git#8>Receiving objects:  22% (64/289)
Git#8>Receiving objects:  23% (67/289)
Git#8>Receiving objects:  24% (70/289)
Git#8>Receiving objects:  25% (73/289)
Git#12>Success: git -C C:/Users/Patron/WallE/mtb_shared/core-lib/release-v1.7.0 -c advice.detachedHead=false checkout --progress release-v1.7.0
Git#13>Starting: git -C C:/Users/Patron/WallE/mtb_shared/core-make/release-v3.9.0 -c advice.detachedHead=false checkout --progress release-v3.9.0
Git#8>Receiving objects:  26% (76/289)
Git#8>Receiving objects:  27% (79/289)
Git#8>Receiving objects:  28% (81/289)
Git#8>Receiving objects:  29% (84/289)
Git#8>Receiving objects:  30% (87/289)
Git#8>Receiving objects:  31% (90/289)
Git#8>Receiving objects:  32% (93/289)
Git#8>Receiving objects:  33% (96/289)
Git#8>Receiving objects:  34% (99/289)
Git#8>Receiving objects:  35% (102/289)
Git#8>Receiving objects:  36% (105/289)
Git#8>Receiving objects:  37% (107/289)
Git#8>Receiving objects:  38% (110/289)
Git#8>Receiving objects:  39% (113/289)
Git#8>Receiving objects:  40% (116/289)
Git#8>Receiving objects:  41% (119/289)
Git#8>Receiving objects:  42% (122/289)
Git#8>Receiving objects:  43% (125/289)
Git#8>Receiving objects:  44% (128/289)
Git#8>Receiving objects:  45% (131/289)
Git#8>Receiving objects:  46% (133/289)
Git#8>Receiving objects:  47% (136/289)
Git#8>Receiving objects:  48% (139/289)
Git#8>Receiving objects:  49% (142/289)
Git#8>Receiving objects:  50% (145/289)
Git#8>Receiving objects:  51% (148/289)
Git#8>Receiving objects:  52% (151/289)
Git#8>Receiving objects:  53% (154/289)
Git#8>Receiving objects:  54% (157/289)
Git#8>Receiving objects:  55% (159/289)
Git#8>Receiving objects:  56% (162/289)
Git#8>Receiving objects:  57% (165/289)
Git#8>Receiving objects:  58% (168/289)
Git#8>Receiving objects:  59% (171/289)
Git#8>Receiving objects:  60% (174/289)
Git#8>Receiving objects:  61% (177/289)
Git#8>Receiving objects:  62% (180/289)
Git#8>Receiving objects:  63% (183/289)
Git#8>Receiving objects:  64% (185/289)
Git#8>Receiving objects:  65% (188/289)
Git#8>Receiving objects:  66% (191/289)
Git#8>Receiving objects:  67% (194/289)
Git#8>Receiving objects:  68% (197/289)
Git#8>Receiving objects:  69% (200/289)
Git#8>Receiving objects:  70% (203/289)
Git#8>Receiving objects:  71% (206/289)
Git#8>Receiving objects:  72% (209/289)
Git#8>Receiving objects:  73% (211/289)
Git#8>Receiving objects:  74% (214/289)
Git#8>Receiving objects:  75% (217/289)
Git#8>Receiving objects:  76% (220/289)
Git#8>Receiving objects:  77% (223/289)
Git#8>Receiving objects:  78% (226/289)
Git#8>Receiving objects:  79% (229/289)
Git#8>Receiving objects:  80% (232/289)
Git#8>Receiving objects:  81% (235/289)
Git#8>Receiving objects:  82% (237/289)
Git#8>Receiving objects:  83% (240/289)
Git#8>Receiving objects:  84% (243/289)
Git#8>Receiving objects:  85% (246/289)
Git#8>Receiving objects:  86% (249/289)
Git#8>Receiving objects:  87% (252/289)
Git#8>Receiving objects:  88% (255/289)
Git#8>Receiving objects:  89% (258/289)
Git#8>Receiving objects:  90% (261/289)
Git#8>Receiving objects:  91% (263/289)
Git#8>Receiving objects:  92% (266/289)
Git#8>Receiving objects:  93% (269/289)
Git#8>Receiving objects:  94% (272/289)
Git#8>Receiving objects:  95% (275/289)
Git#8>Receiving objects:  96% (278/289)
Git#8>Receiving objects:  97% (281/289)
Git#8>Receiving objects:  98% (284/289)
Git#8>Receiving objects:  99% (287/289)
Git#8>Receiving objects: 100% (289/289)
Git#8>Receiving objects: 100% (289/289), 39.74 KiB | 714.00 KiB/s, done.
Git#8>Resolving deltas:   0% (0/84)
Git#8>Resolving deltas:   1% (1/84)
Git#8>Resolving deltas:   2% (2/84)
Git#8>Resolving deltas:   4% (4/84)
Git#8>Resolving deltas:   7% (6/84)
Git#8>Resolving deltas:   9% (8/84)
Git#8>Resolving deltas:  10% (9/84)
Git#8>Resolving deltas:  14% (12/84)
Git#8>Resolving deltas:  19% (16/84)
Git#8>Resolving deltas:  20% (17/84)
Git#8>Resolving deltas:  22% (19/84)
Git#8>Resolving deltas:  23% (20/84)
Git#8>Resolving deltas:  25% (21/84)
Git#8>Resolving deltas:  26% (22/84)
Git#8>Resolving deltas:  28% (24/84)
Git#8>Resolving deltas:  29% (25/84)
Git#8>Resolving deltas:  33% (28/84)
Git#8>Resolving deltas:  34% (29/84)
Git#8>Resolving deltas:  36% (31/84)
Git#8>Resolving deltas:  38% (32/84)
Git#8>Resolving deltas:  39% (33/84)
Git#8>Resolving deltas:  41% (35/84)
Git#8>Resolving deltas:  42% (36/84)
Git#8>Resolving deltas:  45% (38/84)
Git#8>Resolving deltas:  46% (39/84)
Git#8>Resolving deltas:  47% (40/84)
Git#8>Resolving deltas:  48% (41/84)
Git#8>Resolving deltas:  50% (42/84)
Git#8>Resolving deltas:  51% (43/84)
Git#8>Resolving deltas:  53% (45/84)
Git#8>Resolving deltas:  55% (47/84)
Git#8>Resolving deltas:  57% (48/84)
Git#8>Resolving deltas:  58% (49/84)
Git#8>Resolving deltas:  59% (50/84)
Git#8>Resolving deltas:  60% (51/84)
Git#8>Resolving deltas:  61% (52/84)
Git#8>Resolving deltas:  63% (53/84)
Git#8>Resolving deltas:  64% (54/84)
Git#8>Resolving deltas:  65% (55/84)
Git#8>Resolving deltas:  66% (56/84)
Git#8>Resolving deltas:  67% (57/84)
Git#8>Resolving deltas:  72% (61/84)
Git#8>Resolving deltas:  73% (62/84)
Git#8>Resolving deltas:  76% (64/84)
Git#8>Resolving deltas:  77% (65/84)
Git#8>Resolving deltas:  79% (67/84)
Git#8>Resolving deltas:  80% (68/84)
Git#8>Resolving deltas:  82% (69/84)
Git#8>Resolving deltas:  83% (70/84)
Git#8>Resolving deltas:  84% (71/84)
Git#8>Resolving deltas:  86% (73/84)
Git#8>Resolving deltas:  88% (74/84)
Git#8>Resolving deltas:  89% (75/84)
Git#8>Resolving deltas:  90% (76/84)
Git#8>Resolving deltas:  91% (77/84)
Git#8>Resolving deltas:  92% (78/84)
Git#8>Resolving deltas:  94% (79/84)
Git#8>Resolving deltas:  95% (80/84)
Git#8>Resolving deltas:  96% (81/84)
Git#8>Resolving deltas:  97% (82/84)
Git#8>Resolving deltas:  98% (83/84)
Git#8>Resolving deltas: 100% (84/84)
Git#8>Resolving deltas: 100% (84/84), done.
Git#7>Receiving objects:   0% (1/3358)
Git#7>Receiving objects:   1% (34/3358)
Git#7>Receiving objects:   2% (68/3358)
Git#7>Receiving objects:   3% (101/3358)
Git#7>Receiving objects:   4% (135/3358)
Git#7>Receiving objects:   5% (168/3358)
Git#7>Receiving objects:   6% (202/3358)
Git#7>Receiving objects:   7% (236/3358)
Git#7>Receiving objects:   8% (269/3358)
Git#7>Receiving objects:   9% (303/3358)
Git#7>Receiving objects:  10% (336/3358)
Git#7>Receiving objects:  11% (370/3358)
Git#7>Receiving objects:  12% (403/3358)
Git#7>Receiving objects:  13% (437/3358)
Git#7>Receiving objects:  14% (471/3358)
Git#7>Receiving objects:  15% (504/3358)
Git#7>Receiving objects:  16% (538/3358)
Git#7>Receiving objects:  17% (571/3358)
Git#7>Receiving objects:  18% (605/3358)
Git#7>Receiving objects:  19% (639/3358)
Git#7>Receiving objects:  20% (672/3358)
Git#7>Receiving objects:  21% (706/3358)
Git#7>Receiving objects:  22% (739/3358)
Git#7>Receiving objects:  23% (773/3358)
Git#7>Receiving objects:  24% (806/3358)
Git#7>Receiving objects:  25% (840/3358)
Git#7>Receiving objects:  26% (874/3358)
Git#7>Receiving objects:  27% (907/3358)
Git#7>Receiving objects:  28% (941/3358)
Git#7>Receiving objects:  29% (974/3358)
Git#7>Receiving objects:  30% (1008/3358)
Git#7>Receiving objects:  31% (1041/3358)
Git#7>Receiving objects:  32% (1075/3358)
Git#7>Receiving objects:  33% (1109/3358)
Git#7>Receiving objects:  34% (1142/3358)
Git#7>Receiving objects:  35% (1176/3358)
Git#7>Receiving objects:  36% (1209/3358)
Git#7>Receiving objects:  37% (1243/3358)
Git#7>Receiving objects:  38% (1277/3358)
Git#7>Receiving objects:  39% (1310/3358)
Git#7>Receiving objects:  40% (1344/3358)
Git#7>Receiving objects:  41% (1377/3358)
Git#7>Receiving objects:  42% (1411/3358)
Git#7>Receiving objects:  43% (1444/3358)
Git#7>Receiving objects:  44% (1478/3358)
Git#7>Receiving objects:  45% (1512/3358)
Git#7>Receiving objects:  46% (1545/3358)
Git#7>Receiving objects:  47% (1579/3358)
Git#7>Receiving objects:  48% (1612/3358)
Git#7>Receiving objects:  49% (1646/3358)
Git#7>Receiving objects:  50% (1679/3358)
Git#7>Receiving objects:  51% (1713/3358)
Git#7>Receiving objects:  52% (1747/3358)
Git#7>Receiving objects:  53% (1780/3358)
Git#7>Receiving objects:  54% (1814/3358)
Git#7>Receiving objects:  55% (1847/3358)
Git#7>Receiving objects:  56% (1881/3358)
Git#7>Receiving objects:  57% (1915/3358)
Git#7>Receiving objects:  58% (1948/3358)
Git#7>Receiving objects:  59% (1982/3358)
Git#7>Receiving objects:  60% (2015/3358)
Git#7>Receiving objects:  61% (2049/3358)
Git#7>Receiving objects:  62% (2082/3358)
Git#7>Receiving objects:  63% (2116/3358)
Git#7>Receiving objects:  64% (2150/3358)
Git#7>Receiving objects:  65% (2183/3358)
Git#7>Receiving objects:  66% (2217/3358)
Git#7>Receiving objects:  67% (2250/3358)
Git#7>Receiving objects:  68% (2284/3358)
Git#7>Receiving objects:  69% (2318/3358)
Git#7>Receiving objects:  70% (2351/3358)
Git#7>Receiving objects:  71% (2385/3358)
Git#7>Receiving objects:  72% (2418/3358)
Git#7>Receiving objects:  73% (2452/3358)
Git#7>Receiving objects:  74% (2485/3358)
Git#7>Receiving objects:  75% (2519/3358)
Git#7>Receiving objects:  76% (2553/3358)
Git#7>Receiving objects:  77% (2586/3358)
Git#7>Receiving objects:  78% (2620/3358)
Git#7>Receiving objects:  79% (2653/3358)
Git#7>Receiving objects:  80% (2687/3358)
Git#7>Receiving objects:  81% (2720/3358)
Git#7>Receiving objects:  82% (2754/3358)
Git#7>Receiving objects:  83% (2788/3358)
Git#7>Receiving objects:  84% (2821/3358)
Git#7>Receiving objects:  85% (2855/3358)
Git#7>Receiving objects:  86% (2888/3358)
Git#7>Receiving objects:  87% (2922/3358)
Git#7>remote: Total 3358 (delta 1), reused 1 (delta 1), pack-reused 3356 (from 2)        
Git#7>Receiving objects:  88% (2956/3358)
Git#7>Receiving objects:  89% (2989/3358)
Git#7>Receiving objects:  90% (3023/3358)
Git#7>Receiving objects:  91% (3056/3358)
Git#7>Receiving objects:  92% (3090/3358)
Git#7>Receiving objects:  93% (3123/3358)
Git#7>Receiving objects:  94% (3157/3358)
Git#7>Receiving objects:  95% (3191/3358)
Git#7>Receiving objects:  96% (3224/3358)
Git#7>Receiving objects:  97% (3258/3358)
Git#7>Receiving objects:  98% (3291/3358)
Git#7>Receiving objects:  99% (3325/3358)
Git#7>Receiving objects: 100% (3358/3358)
Git#7>Receiving objects: 100% (3358/3358), 681.99 KiB | 4.77 MiB/s, done.
Git#7>Resolving deltas:   0% (0/274)
Git#7>Resolving deltas:   1% (3/274)
Git#7>Resolving deltas:   2% (6/274)
Git#7>Resolving deltas:   3% (9/274)
Git#7>Resolving deltas:   4% (11/274)
Git#7>Resolving deltas:   5% (14/274)
Git#7>Resolving deltas:   6% (17/274)
Git#7>Resolving deltas:   7% (20/274)
Git#7>Resolving deltas:   8% (22/274)
Git#7>Resolving deltas:   9% (25/274)
Git#7>Resolving deltas:  10% (28/274)
Git#7>Resolving deltas:  11% (31/274)
Git#7>Resolving deltas:  12% (33/274)
Git#7>Resolving deltas:  13% (36/274)
Git#7>Resolving deltas:  14% (39/274)
Git#7>Resolving deltas:  15% (42/274)
Git#7>Resolving deltas:  16% (45/274)
Git#7>Resolving deltas:  17% (47/274)
Git#7>Resolving deltas:  18% (50/274)
Git#7>Resolving deltas:  19% (53/274)
Git#7>Resolving deltas:  20% (55/274)
Git#7>Resolving deltas:  21% (59/274)
Git#7>Resolving deltas:  22% (61/274)
Git#7>Resolving deltas:  23% (64/274)
Git#7>Resolving deltas:  24% (66/274)
Git#7>Resolving deltas:  25% (69/274)
Git#7>Resolving deltas:  26% (72/274)
Git#7>Resolving deltas:  27% (74/274)
Git#7>Resolving deltas:  28% (77/274)
Git#7>Resolving deltas:  29% (80/274)
Git#7>Resolving deltas:  30% (83/274)
Git#7>Resolving deltas:  31% (85/274)
Git#7>Resolving deltas:  32% (88/274)
Git#7>Resolving deltas:  33% (91/274)
Git#7>Resolving deltas:  34% (94/274)
Git#7>Resolving deltas:  35% (96/274)
Git#7>Resolving deltas:  36% (100/274)
Git#7>Resolving deltas:  37% (102/274)
Git#7>Resolving deltas:  38% (105/274)
Git#7>Resolving deltas:  39% (107/274)
Git#7>Resolving deltas:  40% (111/274)
Git#7>Resolving deltas:  41% (114/274)
Git#7>Resolving deltas:  42% (116/274)
Git#7>Resolving deltas:  43% (118/274)
Git#7>Resolving deltas:  44% (121/274)
Git#7>Resolving deltas:  45% (124/274)
Git#7>Resolving deltas:  46% (127/274)
Git#7>Resolving deltas:  47% (129/274)
Git#7>Resolving deltas:  48% (132/274)
Git#7>Resolving deltas:  50% (137/274)
Git#7>Resolving deltas:  51% (140/274)
Git#7>Resolving deltas:  52% (143/274)
Git#7>Resolving deltas:  53% (147/274)
Git#7>Resolving deltas:  54% (149/274)
Git#7>Resolving deltas:  55% (152/274)
Git#7>Resolving deltas:  56% (154/274)
Git#7>Resolving deltas:  57% (157/274)
Git#7>Resolving deltas:  58% (159/274)
Git#7>Resolving deltas:  59% (162/274)
Git#7>Resolving deltas:  60% (165/274)
Git#7>Resolving deltas:  61% (168/274)
Git#7>Resolving deltas:  62% (170/274)
Git#7>Resolving deltas:  63% (173/274)
Git#7>Resolving deltas:  64% (176/274)
Git#8>Success: git -C C:/Users/Patron/WallE/mtb_shared/freertos clone --progress --origin cypress --no-checkout --filter=blob:none https://github.com/cypresssemiconductorco/freertos release-v10.6.202
Git#14>Starting: git -C C:/Users/Patron/WallE/mtb_shared/mtb-hal-cat1/release-v2.7.4 -c advice.detachedHead=false checkout --progress release-v2.7.4
Git#7>Resolving deltas:  65% (179/274)
Git#7>Resolving deltas:  66% (181/274)
Git#7>Resolving deltas:  67% (184/274)
Git#7>Resolving deltas:  68% (187/274)
Git#7>Resolving deltas:  69% (190/274)
Git#7>Resolving deltas:  70% (192/274)
Git#13>HEAD is now at 878e5ae Upload core-make [4881]
Git#7>Resolving deltas:  71% (195/274)
Git#13>Success: git -C C:/Users/Patron/WallE/mtb_shared/core-make/release-v3.9.0 -c advice.detachedHead=false checkout --progress release-v3.9.0
Git#15>Starting: git -C C:/Users/Patron/WallE/mtb_shared/mtb-pdl-cat1 clone --progress --origin cypress --no-checkout --filter=blob:none https://github.com/cypresssemiconductorco/mtb-pdl-cat1 release-v3.22.1
Git#7>Resolving deltas:  72% (198/274)
Git#7>Resolving deltas:  73% (202/274)
Git#7>Resolving deltas:  74% (203/274)
Git#7>Resolving deltas:  75% (206/274)
Git#7>Resolving deltas:  76% (209/274)
Git#7>Resolving deltas:  77% (212/274)
Git#7>Resolving deltas:  78% (214/274)
Git#7>Resolving deltas:  79% (217/274)
Git#7>Resolving deltas:  81% (223/274)
Git#7>Resolving deltas:  82% (225/274)
Git#7>Resolving deltas:  83% (228/274)
Git#7>Resolving deltas:  84% (231/274)
Git#7>Resolving deltas:  85% (234/274)
Git#7>Resolving deltas:  86% (238/274)
Git#7>Resolving deltas:  87% (239/274)
Git#7>Resolving deltas:  89% (244/274)
Git#7>Resolving deltas:  91% (250/274)
Git#7>Resolving deltas:  92% (253/274)
Git#7>Resolving deltas:  93% (255/274)
Git#7>Resolving deltas:  94% (258/274)
Git#7>Resolving deltas:  95% (261/274)
Git#7>Resolving deltas:  96% (264/274)
Git#7>Resolving deltas:  97% (266/274)
Git#7>Resolving deltas:  98% (269/274)
Git#7>Resolving deltas:  99% (273/274)
Git#7>Resolving deltas: 100% (274/274)
Git#7>Resolving deltas: 100% (274/274), done.
Git#15>Cloning into 'release-v3.22.1'...
Git#11>remote: Enumerating objects: 119, done.        
Git#11>remote: Counting objects:   0% (1/119)        
Git#11>remote: Counting objects:   1% (2/119)        
Git#11>remote: Counting objects:   2% (3/119)        
Git#11>remote: Counting objects:   3% (4/119)        
Git#11>remote: Counting objects:   4% (5/119)        
Git#11>remote: Counting objects:   5% (6/119)        
Git#11>remote: Counting objects:   6% (8/119)        
Git#11>remote: Counting objects:   7% (9/119)        
Git#11>remote: Counting objects:   8% (10/119)        
Git#11>remote: Counting objects:   9% (11/119)        
Git#11>remote: Counting objects:  10% (12/119)        
Git#11>remote: Counting objects:  11% (14/119)        
Git#11>remote: Counting objects:  12% (15/119)        
Git#11>remote: Counting objects:  13% (16/119)        
Git#11>remote: Counting objects:  14% (17/119)        
Git#11>remote: Counting objects:  15% (18/119)        
Git#11>remote: Counting objects:  16% (20/119)        
Git#11>remote: Counting objects:  17% (21/119)        
Git#11>remote: Counting objects:  18% (22/119)        
Git#11>remote: Counting objects:  19% (23/119)        
Git#11>remote: Counting objects:  20% (24/119)        
Git#11>remote: Counting objects:  21% (25/119)        
Git#11>remote: Counting objects:  22% (27/119)        
Git#11>remote: Counting objects:  23% (28/119)        
Git#11>remote: Counting objects:  24% (29/119)        
Git#11>remote: Counting objects:  25% (30/119)        
Git#11>remote: Counting objects:  26% (31/119)        
Git#11>remote: Counting objects:  27% (33/119)        
Git#11>remote: Counting objects:  28% (34/119)        
Git#11>remote: Counting objects:  29% (35/119)        
Git#11>remote: Counting objects:  30% (36/119)        
Git#11>remote: Counting objects:  31% (37/119)        
Git#11>remote: Counting objects:  32% (39/119)        
Git#11>remote: Counting objects:  33% (40/119)        
Git#11>remote: Counting objects:  34% (41/119)        
Git#11>remote: Counting objects:  35% (42/119)        
Git#11>remote: Counting objects:  36% (43/119)        
Git#11>remote: Counting objects:  37% (45/119)        
Git#11>remote: Counting objects:  38% (46/119)        
Git#11>remote: Counting objects:  39% (47/119)        
Git#11>remote: Counting objects:  40% (48/119)        
Git#11>remote: Counting objects:  41% (49/119)        
Git#11>remote: Counting objects:  42% (50/119)        
Git#11>remote: Counting objects:  43% (52/119)        
Git#11>remote: Counting objects:  44% (53/119)        
Git#11>remote: Counting objects:  45% (54/119)        
Git#11>remote: Counting objects:  46% (55/119)        
Git#11>remote: Counting objects:  47% (56/119)        
Git#11>remote: Counting objects:  48% (58/119)        
Git#11>remote: Counting objects:  49% (59/119)        
Git#11>remote: Counting objects:  50% (60/119)        
Git#11>remote: Counting objects:  51% (61/119)        
Git#11>remote: Counting objects:  52% (62/119)        
Git#11>remote: Counting objects:  53% (64/119)        
Git#11>remote: Counting objects:  54% (65/119)        
Git#11>remote: Counting objects:  55% (66/119)        
Git#11>remote: Counting objects:  56% (67/119)        
Git#11>remote: Counting objects:  57% (68/119)        
Git#11>remote: Counting objects:  58% (70/119)        
Git#11>remote: Counting objects:  59% (71/119)        
Git#11>remote: Counting objects:  60% (72/119)        
Git#11>remote: Counting objects:  61% (73/119)        
Git#11>remote: Counting objects:  62% (74/119)        
Git#11>remote: Counting objects:  63% (75/119)        
Git#11>remote: Counting objects:  64% (77/119)        
Git#11>remote: Counting objects:  65% (78/119)        
Git#11>remote: Counting objects:  66% (79/119)        
Git#11>remote: Counting objects:  67% (80/119)        
Git#11>remote: Counting objects:  68% (81/119)        
Git#11>remote: Counting objects:  69% (83/119)        
Git#11>remote: Counting objects:  70% (84/119)        
Git#11>remote: Counting objects:  71% (85/119)        
Git#11>remote: Counting objects:  72% (86/119)        
Git#11>remote: Counting objects:  73% (87/119)        
Git#11>remote: Counting objects:  74% (89/119)        
Git#11>remote: Counting objects:  75% (90/119)        
Git#11>remote: Counting objects:  76% (91/119)        
Git#11>remote: Counting objects:  77% (92/119)        
Git#11>remote: Counting objects:  78% (93/119)        
Git#11>remote: Counting objects:  79% (95/119)        
Git#11>remote: Counting objects:  80% (96/119)        
Git#11>remote: Counting objects:  81% (97/119)        
Git#11>remote: Counting objects:  82% (98/119)        
Git#11>remote: Counting objects:  83% (99/119)        
Git#11>remote: Counting objects:  84% (100/119)        
Git#11>remote: Counting objects:  85% (102/119)        
Git#11>remote: Counting objects:  86% (103/119)        
Git#11>remote: Counting objects:  87% (104/119)        
Git#11>remote: Counting objects:  88% (105/119)        
Git#11>remote: Counting objects:  89% (106/119)        
Git#11>remote: Counting objects:  90% (108/119)        
Git#11>remote: Counting objects:  91% (109/119)        
Git#11>remote: Counting objects:  92% (110/119)        
Git#11>remote: Counting objects:  93% (111/119)        
Git#11>remote: Counting objects:  94% (112/119)        
Git#11>remote: Counting objects:  95% (114/119)        
Git#11>remote: Counting objects:  96% (115/119)        
Git#11>remote: Counting objects:  97% (116/119)        
Git#11>remote: Counting objects:  98% (117/119)        
Git#11>remote: Counting objects:  99% (118/119)        
Git#11>remote: Counting objects: 100% (119/119)        
Git#11>remote: Counting objects: 100% (119/119), done.        
Git#11>remote: Compressing objects:   0% (1/105)        
Git#11>remote: Compressing objects:   1% (2/105)        
Git#11>remote: Compressing objects:   2% (3/105)        
Git#11>remote: Compressing objects:   3% (4/105)        
Git#11>remote: Compressing objects:   4% (5/105)        
Git#11>remote: Compressing objects:   5% (6/105)        
Git#11>remote: Compressing objects:   6% (7/105)        
Git#11>remote: Compressing objects:   7% (8/105)        
Git#11>remote: Compressing objects:   8% (9/105)        
Git#11>remote: Compressing objects:   9% (10/105)        
Git#11>remote: Compressing objects:  10% (11/105)        
Git#11>remote: Compressing objects:  11% (12/105)        
Git#11>remote: Compressing objects:  12% (13/105)        
Git#11>remote: Compressing objects:  13% (14/105)        
Git#11>remote: Compressing objects:  14% (15/105)        
Git#11>remote: Compressing objects:  15% (16/105)        
Git#11>remote: Compressing objects:  16% (17/105)        
Git#11>remote: Compressing objects:  17% (18/105)        
Git#11>remote: Compressing objects:  18% (19/105)        
Git#11>remote: Compressing objects:  19% (20/105)        
Git#11>remote: Compressing objects:  20% (21/105)        
Git#11>remote: Compressing objects:  21% (23/105)        
Git#11>remote: Compressing objects:  22% (24/105)        
Git#11>remote: Compressing objects:  23% (25/105)        
Git#11>remote: Compressing objects:  24% (26/105)        
Git#11>remote: Compressing objects:  25% (27/105)        
Git#11>remote: Compressing objects:  26% (28/105)        
Git#11>remote: Compressing objects:  27% (29/105)        
Git#11>remote: Compressing objects:  28% (30/105)        
Git#11>remote: Compressing objects:  29% (31/105)        
Git#11>remote: Compressing objects:  30% (32/105)        
Git#11>remote: Compressing objects:  31% (33/105)        
Git#11>remote: Compressing objects:  32% (34/105)        
Git#11>remote: Compressing objects:  33% (35/105)        
Git#11>remote: Compressing objects:  34% (36/105)        
Git#11>remote: Compressing objects:  35% (37/105)        
Git#11>remote: Compressing objects:  36% (38/105)        
Git#11>remote: Compressing objects:  37% (39/105)        
Git#11>remote: Compressing objects:  38% (40/105)        
Git#11>remote: Compressing objects:  39% (41/105)        
Git#11>remote: Compressing objects:  40% (42/105)        
Git#11>remote: Compressing objects:  41% (44/105)        
Git#11>remote: Compressing objects:  42% (45/105)        
Git#11>remote: Compressing objects:  43% (46/105)        
Git#11>remote: Compressing objects:  44% (47/105)        
Git#11>remote: Compressing objects:  45% (48/105)        
Git#11>remote: Compressing objects:  46% (49/105)        
Git#11>remote: Compressing objects:  47% (50/105)        
Git#11>remote: Compressing objects:  48% (51/105)        
Git#11>remote: Compressing objects:  49% (52/105)        
Git#11>remote: Compressing objects:  50% (53/105)        
Git#11>remote: Compressing objects:  51% (54/105)        
Git#11>remote: Compressing objects:  52% (55/105)        
Git#11>remote: Compressing objects:  53% (56/105)        
Git#11>remote: Compressing objects:  54% (57/105)        
Git#11>remote: Compressing objects:  55% (58/105)        
Git#11>remote: Compressing objects:  56% (59/105)        
Git#11>remote: Compressing objects:  57% (60/105)        
Git#11>remote: Compressing objects:  58% (61/105)        
Git#11>remote: Compressing objects:  59% (62/105)        
Git#11>remote: Compressing objects:  60% (63/105)        
Git#11>remote: Compressing objects:  61% (65/105)        
Git#11>remote: Compressing objects:  62% (66/105)        
Git#11>remote: Compressing objects:  63% (67/105)        
Git#11>remote: Compressing objects:  64% (68/105)        
Git#11>remote: Compressing objects:  65% (69/105)        
Git#11>remote: Compressing objects:  66% (70/105)        
Git#11>remote: Compressing objects:  67% (71/105)        
Git#11>remote: Compressing objects:  68% (72/105)        
Git#11>remote: Compressing objects:  69% (73/105)        
Git#11>remote: Compressing objects:  70% (74/105)        
Git#11>remote: Compressing objects:  71% (75/105)        
Git#11>remote: Compressing objects:  72% (76/105)        
Git#11>remote: Compressing objects:  73% (77/105)        
Git#11>remote: Compressing objects:  74% (78/105)        
Git#11>remote: Compressing objects:  75% (79/105)        
Git#11>remote: Compressing objects:  76% (80/105)        
Git#11>remote: Compressing objects:  77% (81/105)        
Git#11>remote: Compressing objects:  78% (82/105)        
Git#11>remote: Compressing objects:  79% (83/105)        
Git#11>remote: Compressing objects:  80% (84/105)        
Git#11>remote: Compressing objects:  81% (86/105)        
Git#11>remote: Compressing objects:  82% (87/105)        
Git#11>remote: Compressing objects:  83% (88/105)        
Git#11>remote: Compressing objects:  84% (89/105)        
Git#11>remote: Compressing objects:  85% (90/105)        
Git#11>remote: Compressing objects:  86% (91/105)        
Git#11>remote: Compressing objects:  87% (92/105)        
Git#11>remote: Compressing objects:  88% (93/105)        
Git#11>remote: Compressing objects:  89% (94/105)        
Git#11>remote: Compressing objects:  90% (95/105)        
Git#11>remote: Compressing objects:  91% (96/105)        
Git#11>remote: Compressing objects:  92% (97/105)        
Git#11>remote: Compressing objects:  93% (98/105)        
Git#11>remote: Compressing objects:  94% (99/105)        
Git#11>remote: Compressing objects:  95% (100/105)        
Git#11>remote: Compressing objects:  96% (101/105)        
Git#11>remote: Compressing objects:  97% (102/105)        
Git#11>remote: Compressing objects:  98% (103/105)        
Git#11>remote: Compressing objects:  99% (104/105)        
Git#11>remote: Compressing objects: 100% (105/105)        
Git#11>remote: Compressing objects: 100% (105/105), done.        
Git#11>remote: Total 119 (delta 25), reused 105 (delta 13), pack-reused 0 (from 0)        
Git#7>Success: git -C C:/Users/Patron/WallE/mtb_shared/btstack clone --progress --origin cypress --no-checkout --filter=blob:none https://github.com/cypresssemiconductorco/btstack release-v4.1.5
Git#16>Starting: git -C C:/Users/Patron/WallE/mtb_shared/recipe-make-cat1a/release-v2.7.0 -c advice.detachedHead=false checkout --progress release-v2.7.0
Git#11>Receiving objects:   0% (1/119)
Git#11>Receiving objects:   1% (2/119)
Git#11>Receiving objects:   2% (3/119)
Git#11>Receiving objects:   3% (4/119)
Git#11>Receiving objects:   4% (5/119)
Git#11>Receiving objects:   5% (6/119)
Git#11>Receiving objects:   6% (8/119)
Git#11>Receiving objects:   7% (9/119)
Git#11>Receiving objects:   8% (10/119)
Git#11>Receiving objects:   9% (11/119)
Git#11>Receiving objects:  10% (12/119)
Git#11>Receiving objects:  11% (14/119)
Git#11>Receiving objects:  12% (15/119)
Git#11>Receiving objects:  13% (16/119)
Git#11>Receiving objects:  14% (17/119)
Git#11>Receiving objects:  15% (18/119)
Git#11>Receiving objects:  16% (20/119)
Git#11>Receiving objects:  17% (21/119)
Git#11>Receiving objects:  18% (22/119)
Git#11>Receiving objects:  19% (23/119)
Git#11>Receiving objects:  20% (24/119)
Git#11>Receiving objects:  21% (25/119)
Git#11>Receiving objects:  22% (27/119)
Git#11>Receiving objects:  23% (28/119)
Git#11>Receiving objects:  24% (29/119)
Git#11>Receiving objects:  25% (30/119)
Git#11>Receiving objects:  26% (31/119)
Git#11>Receiving objects:  27% (33/119)
Git#11>Receiving objects:  28% (34/119)
Git#11>Receiving objects:  29% (35/119)
Git#11>Receiving objects:  30% (36/119)
Git#11>Receiving objects:  31% (37/119)
Git#11>Receiving objects:  32% (39/119)
Git#11>Receiving objects:  33% (40/119)
Git#11>Receiving objects:  34% (41/119)
Git#11>Receiving objects:  35% (42/119)
Git#11>Receiving objects:  36% (43/119)
Git#11>Receiving objects:  37% (45/119)
Git#11>Receiving objects:  38% (46/119)
Git#11>Receiving objects:  39% (47/119)
Git#11>Receiving objects:  40% (48/119)
Git#11>Receiving objects:  41% (49/119)
Git#11>Receiving objects:  42% (50/119)
Git#11>Receiving objects:  43% (52/119)
Git#11>Receiving objects:  44% (53/119)
Git#11>Receiving objects:  45% (54/119)
Git#11>Receiving objects:  46% (55/119)
Git#11>Receiving objects:  47% (56/119)
Git#11>Receiving objects:  48% (58/119)
Git#11>Receiving objects:  49% (59/119)
Git#11>Receiving objects:  50% (60/119)
Git#11>Receiving objects:  51% (61/119)
Git#11>Receiving objects:  52% (62/119)
Git#11>Receiving objects:  53% (64/119)
Git#11>Receiving objects:  54% (65/119)
Git#11>Receiving objects:  55% (66/119)
Git#11>Receiving objects:  56% (67/119)
Git#11>Receiving objects:  57% (68/119)
Git#11>Receiving objects:  58% (70/119)
Git#11>Receiving objects:  59% (71/119)
Git#11>Receiving objects:  60% (72/119)
Git#11>Receiving objects:  61% (73/119)
Git#11>Receiving objects:  62% (74/119)
Git#11>Receiving objects:  63% (75/119)
Git#11>Receiving objects:  64% (77/119)
Git#11>Receiving objects:  65% (78/119)
Git#11>Receiving objects:  66% (79/119)
Git#11>Receiving objects:  67% (80/119)
Git#11>Receiving objects:  68% (81/119)
Git#11>Receiving objects:  69% (83/119)
Git#11>Receiving objects:  70% (84/119)
Git#11>Receiving objects:  71% (85/119)
Git#11>Receiving objects:  72% (86/119)
Git#11>Receiving objects:  73% (87/119)
Git#11>Receiving objects:  74% (89/119)
Git#11>Receiving objects:  75% (90/119)
Git#11>Receiving objects:  76% (91/119)
Git#11>Receiving objects:  77% (92/119)
Git#11>Receiving objects:  78% (93/119)
Git#11>Receiving objects:  79% (95/119)
Git#11>Receiving objects:  80% (96/119)
Git#11>Receiving objects:  81% (97/119)
Git#11>Receiving objects:  82% (98/119)
Git#11>Receiving objects:  83% (99/119)
Git#11>Receiving objects:  84% (100/119)
Git#11>Receiving objects:  85% (102/119)
Git#11>Receiving objects:  86% (103/119)
Git#11>Receiving objects:  87% (104/119)
Git#11>Receiving objects:  88% (105/119)
Git#11>Receiving objects:  89% (106/119)
Git#11>Receiving objects:  90% (108/119)
Git#11>Receiving objects:  91% (109/119)
Git#11>Receiving objects:  92% (110/119)
Git#11>Receiving objects:  93% (111/119)
Git#11>Receiving objects:  94% (112/119)
Git#11>Receiving objects:  95% (114/119)
Git#11>Receiving objects:  96% (115/119)
Git#11>Receiving objects:  97% (116/119)
Git#11>Receiving objects:  98% (117/119)
Git#11>Receiving objects:  99% (118/119)
Git#11>Receiving objects: 100% (119/119)
Git#11>Receiving objects: 100% (119/119), 21.82 KiB | 893.00 KiB/s, done.
Git#11>Resolving deltas:   0% (0/25)
Git#11>Resolving deltas:   4% (1/25)
Git#11>Resolving deltas:   8% (2/25)
Git#11>Resolving deltas:  12% (3/25)
Git#11>Resolving deltas:  16% (4/25)
Git#11>Resolving deltas:  20% (5/25)
Git#11>Resolving deltas:  24% (6/25)
Git#11>Resolving deltas:  28% (7/25)
Git#11>Resolving deltas:  32% (8/25)
Git#11>Resolving deltas:  36% (9/25)
Git#11>Resolving deltas:  44% (11/25)
Git#11>Resolving deltas:  48% (12/25)
Git#11>Resolving deltas:  52% (13/25)
Git#11>Resolving deltas:  56% (14/25)
Git#11>Resolving deltas:  60% (15/25)
Git#11>Resolving deltas:  64% (16/25)
Git#11>Resolving deltas:  68% (17/25)
Git#11>Resolving deltas:  72% (18/25)
Git#11>Resolving deltas:  76% (19/25)
Git#11>Resolving deltas:  80% (20/25)
Git#11>Resolving deltas:  88% (22/25)
Git#11>Resolving deltas:  92% (23/25)
Git#11>Resolving deltas:  96% (24/25)
Git#11>Resolving deltas: 100% (25/25)
Git#11>Resolving deltas: 100% (25/25), done.
Git#11>Success: git -C C:/Users/Patron/WallE/mtb_shared/cat1cm0p clone --progress --origin cypress --no-checkout --filter=blob:none https://github.com/Infineon/cat1cm0p release-v1.11.0
Git#17>Starting: git -C C:/Users/Patron/WallE/mtb_shared/cmsis/release-v6.1.0 -c advice.detachedHead=false checkout --progress release-v6.1.0
Git#16>HEAD is now at ee88021 Upload recipe-make-cat1a [4740]
Git#16>Success: git -C C:/Users/Patron/WallE/mtb_shared/recipe-make-cat1a/release-v2.7.0 -c advice.detachedHead=false checkout --progress release-v2.7.0
Git#18>Starting: git -C C:/Users/Patron/.modustoolbox/global/device-db/release-v4.37.0 -c advice.detachedHead=false checkout --progress release-v4.37.0
Git#15>remote: Enumerating objects: 2375, done.        
Git#15>remote: Counting objects:   1% (1/95)        
Git#15>remote: Counting objects:   2% (2/95)        
Git#15>remote: Counting objects:   3% (3/95)        
Git#15>remote: Counting objects:   4% (4/95)        
Git#15>remote: Counting objects:   5% (5/95)        
Git#15>remote: Counting objects:   6% (6/95)        
Git#15>remote: Counting objects:   7% (7/95)        
Git#15>remote: Counting objects:   8% (8/95)        
Git#15>remote: Counting objects:   9% (9/95)        
Git#15>remote: Counting objects:  10% (10/95)        
Git#15>remote: Counting objects:  11% (11/95)        
Git#15>remote: Counting objects:  12% (12/95)        
Git#15>remote: Counting objects:  13% (13/95)        
Git#15>remote: Counting objects:  14% (14/95)        
Git#15>remote: Counting objects:  15% (15/95)        
Git#15>remote: Counting objects:  16% (16/95)        
Git#15>remote: Counting objects:  17% (17/95)        
Git#15>remote: Counting objects:  18% (18/95)        
Git#15>remote: Counting objects:  20% (19/95)        
Git#15>remote: Counting objects:  21% (20/95)        
Git#15>remote: Counting objects:  22% (21/95)        
Git#15>remote: Counting objects:  23% (22/95)        
Git#15>remote: Counting objects:  24% (23/95)        
Git#15>remote: Counting objects:  25% (24/95)        
Git#15>remote: Counting objects:  26% (25/95)        
Git#15>remote: Counting objects:  27% (26/95)        
Git#15>remote: Counting objects:  28% (27/95)        
Git#15>remote: Counting objects:  29% (28/95)        
Git#15>remote: Counting objects:  30% (29/95)        
Git#15>remote: Counting objects:  31% (30/95)        
Git#15>remote: Counting objects:  32% (31/95)        
Git#15>remote: Counting objects:  33% (32/95)        
Git#15>remote: Counting objects:  34% (33/95)        
Git#15>remote: Counting objects:  35% (34/95)        
Git#15>remote: Counting objects:  36% (35/95)        
Git#15>remote: Counting objects:  37% (36/95)        
Git#15>remote: Counting objects:  38% (37/95)        
Git#15>remote: Counting objects:  40% (38/95)        
Git#15>remote: Counting objects:  41% (39/95)        
Git#15>remote: Counting objects:  42% (40/95)        
Git#15>remote: Counting objects:  43% (41/95)        
Git#15>remote: Counting objects:  44% (42/95)        
Git#15>remote: Counting objects:  45% (43/95)        
Git#15>remote: Counting objects:  46% (44/95)        
Git#15>remote: Counting objects:  47% (45/95)        
Git#15>remote: Counting objects:  48% (46/95)        
Git#15>remote: Counting objects:  49% (47/95)        
Git#15>remote: Counting objects:  50% (48/95)        
Git#15>remote: Counting objects:  51% (49/95)        
Git#15>remote: Counting objects:  52% (50/95)        
Git#15>remote: Counting objects:  53% (51/95)        
Git#15>remote: Counting objects:  54% (52/95)        
Git#15>remote: Counting objects:  55% (53/95)        
Git#15>remote: Counting objects:  56% (54/95)        
Git#15>remote: Counting objects:  57% (55/95)        
Git#15>remote: Counting objects:  58% (56/95)        
Git#15>remote: Counting objects:  60% (57/95)        
Git#15>remote: Counting objects:  61% (58/95)        
Git#15>remote: Counting objects:  62% (59/95)        
Git#15>remote: Counting objects:  63% (60/95)        
Git#15>remote: Counting objects:  64% (61/95)        
Git#15>remote: Counting objects:  65% (62/95)        
Git#15>remote: Counting objects:  66% (63/95)        
Git#15>remote: Counting objects:  67% (64/95)        
Git#15>remote: Counting objects:  68% (65/95)        
Git#15>remote: Counting objects:  69% (66/95)        
Git#15>remote: Counting objects:  70% (67/95)        
Git#15>remote: Counting objects:  71% (68/95)        
Git#15>remote: Counting objects:  72% (69/95)        
Git#15>remote: Counting objects:  73% (70/95)        
Git#15>remote: Counting objects:  74% (71/95)        
Git#15>remote: Counting objects:  75% (72/95)        
Git#15>remote: Counting objects:  76% (73/95)        
Git#15>remote: Counting objects:  77% (74/95)        
Git#15>remote: Counting objects:  78% (75/95)        
Git#15>remote: Counting objects:  80% (76/95)        
Git#15>remote: Counting objects:  81% (77/95)        
Git#15>remote: Counting objects:  82% (78/95)        
Git#15>remote: Counting objects:  83% (79/95)        
Git#15>remote: Counting objects:  84% (80/95)        
Git#15>remote: Counting objects:  85% (81/95)        
Git#15>remote: Counting objects:  86% (82/95)        
Git#15>remote: Counting objects:  87% (83/95)        
Git#15>remote: Counting objects:  88% (84/95)        
Git#15>remote: Counting objects:  89% (85/95)        
Git#15>remote: Counting objects:  90% (86/95)        
Git#15>remote: Counting objects:  91% (87/95)        
Git#15>remote: Counting objects:  92% (88/95)        
Git#15>remote: Counting objects:  93% (89/95)        
Git#15>remote: Counting objects:  94% (90/95)        
Git#15>remote: Counting objects:  95% (91/95)        
Git#15>remote: Counting objects:  96% (92/95)        
Git#15>remote: Counting objects:  97% (93/95)        
Git#15>remote: Counting objects:  98% (94/95)        
Git#15>remote: Counting objects: 100% (95/95)        
Git#15>remote: Counting objects: 100% (95/95), done.        
Git#15>remote: Compressing objects:   1% (1/71)        
Git#15>remote: Compressing objects:   2% (2/71)        
Git#15>remote: Compressing objects:   4% (3/71)        
Git#15>remote: Compressing objects:   5% (4/71)        
Git#15>remote: Compressing objects:   7% (5/71)        
Git#15>remote: Compressing objects:   8% (6/71)        
Git#15>remote: Compressing objects:   9% (7/71)        
Git#15>remote: Compressing objects:  11% (8/71)        
Git#15>remote: Compressing objects:  12% (9/71)        
Git#15>remote: Compressing objects:  14% (10/71)        
Git#15>remote: Compressing objects:  15% (11/71)        
Git#15>remote: Compressing objects:  16% (12/71)        
Git#15>remote: Compressing objects:  18% (13/71)        
Git#15>remote: Compressing objects:  19% (14/71)        
Git#15>remote: Compressing objects:  21% (15/71)        
Git#15>remote: Compressing objects:  22% (16/71)        
Git#15>remote: Compressing objects:  23% (17/71)        
Git#15>remote: Compressing objects:  25% (18/71)        
Git#15>remote: Compressing objects:  26% (19/71)        
Git#15>remote: Compressing objects:  28% (20/71)        
Git#15>remote: Compressing objects:  29% (21/71)        
Git#15>remote: Compressing objects:  30% (22/71)        
Git#15>remote: Compressing objects:  32% (23/71)        
Git#15>remote: Compressing objects:  33% (24/71)        
Git#15>remote: Compressing objects:  35% (25/71)        
Git#15>remote: Compressing objects:  36% (26/71)        
Git#15>remote: Compressing objects:  38% (27/71)        
Git#15>remote: Compressing objects:  39% (28/71)        
Git#15>remote: Compressing objects:  40% (29/71)        
Git#15>remote: Compressing objects:  42% (30/71)        
Git#15>remote: Compressing objects:  43% (31/71)        
Git#15>remote: Compressing objects:  45% (32/71)        
Git#15>remote: Compressing objects:  46% (33/71)        
Git#15>remote: Compressing objects:  47% (34/71)        
Git#15>remote: Compressing objects:  49% (35/71)        
Git#15>remote: Compressing objects:  50% (36/71)        
Git#15>remote: Compressing objects:  52% (37/71)        
Git#15>remote: Compressing objects:  53% (38/71)        
Git#15>remote: Compressing objects:  54% (39/71)        
Git#15>remote: Compressing objects:  56% (40/71)        
Git#15>remote: Compressing objects:  57% (41/71)        
Git#15>remote: Compressing objects:  59% (42/71)        
Git#15>remote: Compressing objects:  60% (43/71)        
Git#15>remote: Compressing objects:  61% (44/71)        
Git#15>remote: Compressing objects:  63% (45/71)        
Git#15>remote: Compressing objects:  64% (46/71)        
Git#15>remote: Compressing objects:  66% (47/71)        
Git#15>remote: Compressing objects:  67% (48/71)        
Git#15>remote: Compressing objects:  69% (49/71)        
Git#15>remote: Compressing objects:  70% (50/71)        
Git#15>remote: Compressing objects:  71% (51/71)        
Git#15>remote: Compressing objects:  73% (52/71)        
Git#15>remote: Compressing objects:  74% (53/71)        
Git#15>remote: Compressing objects:  76% (54/71)        
Git#15>remote: Compressing objects:  77% (55/71)        
Git#15>remote: Compressing objects:  78% (56/71)        
Git#15>remote: Compressing objects:  80% (57/71)        
Git#15>remote: Compressing objects:  81% (58/71)        
Git#15>remote: Compressing objects:  83% (59/71)        
Git#15>remote: Compressing objects:  84% (60/71)        
Git#15>remote: Compressing objects:  85% (61/71)        
Git#15>remote: Compressing objects:  87% (62/71)        
Git#15>remote: Compressing objects:  88% (63/71)        
Git#15>remote: Compressing objects:  90% (64/71)        
Git#15>remote: Compressing objects:  91% (65/71)        
Git#15>remote: Compressing objects:  92% (66/71)        
Git#15>remote: Compressing objects:  94% (67/71)        
Git#15>remote: Compressing objects:  95% (68/71)        
Git#15>remote: Compressing objects:  97% (69/71)        
Git#15>remote: Compressing objects:  98% (70/71)        
Git#15>remote: Compressing objects: 100% (71/71)        
Git#15>remote: Compressing objects: 100% (71/71), done.        
Git#14>HEAD is now at c255813 Upload mtb-hal-cat1 [3856]
Git#14>Success: git -C C:/Users/Patron/WallE/mtb_shared/mtb-hal-cat1/release-v2.7.4 -c advice.detachedHead=false checkout --progress release-v2.7.4
Git#19>Starting: git -C C:/Users/Patron/WallE/mtb_shared/btstack-integration/release-v6.2.1 -c advice.detachedHead=false checkout --progress release-v6.2.1
Git#15>Receiving objects:   0% (1/2375)
Git#15>Receiving objects:   1% (24/2375)
Git#15>Receiving objects:   2% (48/2375)
Git#15>Receiving objects:   3% (72/2375)
Git#15>Receiving objects:   4% (95/2375)
Git#15>Receiving objects:   5% (119/2375)
Git#15>Receiving objects:   6% (143/2375)
Git#15>Receiving objects:   7% (167/2375)
Git#15>Receiving objects:   8% (190/2375)
Git#15>Receiving objects:   9% (214/2375)
Git#15>Receiving objects:  10% (238/2375)
Git#15>Receiving objects:  11% (262/2375)
Git#15>Receiving objects:  12% (285/2375)
Git#15>Receiving objects:  13% (309/2375)
Git#15>Receiving objects:  14% (333/2375)
Git#15>Receiving objects:  15% (357/2375)
Git#15>Receiving objects:  16% (380/2375)
Git#15>Receiving objects:  17% (404/2375)
Git#15>Receiving objects:  18% (428/2375)
Git#15>Receiving objects:  19% (452/2375)
Git#15>Receiving objects:  20% (475/2375)
Git#15>Receiving objects:  21% (499/2375)
Git#15>Receiving objects:  22% (523/2375)
Git#15>Receiving objects:  23% (547/2375)
Git#15>Receiving objects:  24% (570/2375)
Git#15>Receiving objects:  25% (594/2375)
Git#15>Receiving objects:  26% (618/2375)
Git#15>Receiving objects:  27% (642/2375)
Git#15>Receiving objects:  28% (665/2375)
Git#15>Receiving objects:  29% (689/2375)
Git#15>Receiving objects:  30% (713/2375)
Git#15>Receiving objects:  31% (737/2375)
Git#15>Receiving objects:  32% (760/2375)
Git#15>Receiving objects:  33% (784/2375)
Git#15>Receiving objects:  34% (808/2375)
Git#15>Receiving objects:  35% (832/2375)
Git#15>Receiving objects:  36% (855/2375)
Git#15>Receiving objects:  37% (879/2375)
Git#15>Receiving objects:  38% (903/2375)
Git#15>Receiving objects:  39% (927/2375)
Git#15>Receiving objects:  40% (950/2375)
Git#15>Receiving objects:  41% (974/2375)
Git#15>Receiving objects:  42% (998/2375)
Git#15>Receiving objects:  43% (1022/2375)
Git#15>Receiving objects:  44% (1045/2375)
Git#15>Receiving objects:  45% (1069/2375)
Git#15>Receiving objects:  46% (1093/2375)
Git#15>Receiving objects:  47% (1117/2375)
Git#15>Receiving objects:  48% (1140/2375)
Git#15>Receiving objects:  49% (1164/2375)
Git#15>Receiving objects:  50% (1188/2375)
Git#15>Receiving objects:  51% (1212/2375)
Git#15>Receiving objects:  52% (1235/2375)
Git#15>Receiving objects:  53% (1259/2375)
Git#15>Receiving objects:  54% (1283/2375)
Git#15>Receiving objects:  55% (1307/2375)
Git#15>Receiving objects:  56% (1330/2375)
Git#15>Receiving objects:  57% (1354/2375)
Git#15>Receiving objects:  58% (1378/2375)
Git#15>Receiving objects:  59% (1402/2375)
Git#15>Receiving objects:  60% (1425/2375)
Git#15>Receiving objects:  61% (1449/2375)
Git#15>Receiving objects:  62% (1473/2375)
Git#15>Receiving objects:  63% (1497/2375)
Git#15>Receiving objects:  64% (1520/2375)
Git#15>Receiving objects:  65% (1544/2375)
Git#15>Receiving objects:  66% (1568/2375)
Git#15>Receiving objects:  67% (1592/2375)
Git#15>Receiving objects:  68% (1615/2375)
Git#15>Receiving objects:  69% (1639/2375)
Git#15>Receiving objects:  70% (1663/2375)
Git#15>Receiving objects:  71% (1687/2375)
Git#15>Receiving objects:  72% (1710/2375)
Git#15>Receiving objects:  73% (1734/2375)
Git#15>Receiving objects:  74% (1758/2375)
Git#15>Receiving objects:  75% (1782/2375)
Git#15>Receiving objects:  76% (1805/2375)
Git#15>Receiving objects:  77% (1829/2375)
Git#15>Receiving objects:  78% (1853/2375)
Git#15>Receiving objects:  79% (1877/2375)
Git#15>Receiving objects:  80% (1900/2375)
Git#15>Receiving objects:  81% (1924/2375)
Git#15>Receiving objects:  82% (1948/2375)
Git#15>Receiving objects:  83% (1972/2375)
Git#15>Receiving objects:  84% (1995/2375)
Git#15>Receiving objects:  85% (2019/2375)
Git#15>Receiving objects:  86% (2043/2375)
Git#15>Receiving objects:  87% (2067/2375)
Git#15>Receiving objects:  88% (2090/2375)
Git#15>Receiving objects:  89% (2114/2375)
Git#15>Receiving objects:  90% (2138/2375)
Git#15>Receiving objects:  91% (2162/2375)
Git#15>Receiving objects:  92% (2185/2375)
Git#15>Receiving objects:  93% (2209/2375)
Git#15>Receiving objects:  94% (2233/2375)
Git#15>Receiving objects:  95% (2257/2375)
Git#15>Receiving objects:  96% (2280/2375)
Git#15>Receiving objects:  97% (2304/2375)
Git#15>Receiving objects:  98% (2328/2375)
Git#15>remote: Total 2375 (delta 29), reused 66 (delta 19), pack-reused 2280 (from 2)        
Git#15>Receiving objects:  99% (2352/2375)
Git#15>Receiving objects: 100% (2375/2375)
Git#15>Receiving objects: 100% (2375/2375), 930.15 KiB | 4.43 MiB/s, done.
Git#15>Resolving deltas:   0% (0/653)
Git#15>Resolving deltas:   1% (7/653)
Git#15>Resolving deltas:   2% (14/653)
Git#15>Resolving deltas:   3% (21/653)
Git#15>Resolving deltas:   4% (27/653)
Git#15>Resolving deltas:   5% (33/653)
Git#15>Resolving deltas:   6% (40/653)
Git#15>Resolving deltas:   7% (46/653)
Git#15>Resolving deltas:   8% (53/653)
Git#15>Resolving deltas:   9% (59/653)
Git#15>Resolving deltas:  10% (66/653)
Git#15>Resolving deltas:  11% (72/653)
Git#15>Resolving deltas:  12% (79/653)
Git#15>Resolving deltas:  13% (86/653)
Git#15>Resolving deltas:  14% (92/653)
Git#15>Resolving deltas:  15% (98/653)
Git#15>Resolving deltas:  16% (106/653)
Git#15>Resolving deltas:  17% (112/653)
Git#15>Resolving deltas:  18% (118/653)
Git#15>Resolving deltas:  19% (127/653)
Git#15>Resolving deltas:  20% (131/653)
Git#15>Resolving deltas:  21% (138/653)
Git#15>Resolving deltas:  22% (145/653)
Git#15>Resolving deltas:  23% (151/653)
Git#15>Resolving deltas:  24% (157/653)
Git#15>Resolving deltas:  25% (167/653)
Git#15>Resolving deltas:  26% (170/653)
Git#15>Resolving deltas:  28% (183/653)
Git#15>Resolving deltas:  29% (190/653)
Git#15>Resolving deltas:  30% (197/653)
Git#15>Resolving deltas:  31% (204/653)
Git#15>Resolving deltas:  32% (209/653)
Git#15>Resolving deltas:  33% (216/653)
Git#15>Resolving deltas:  34% (223/653)
Git#15>Resolving deltas:  35% (229/653)
Git#15>Resolving deltas:  36% (236/653)
Git#15>Resolving deltas:  37% (242/653)
Git#15>Resolving deltas:  38% (249/653)
Git#15>Resolving deltas:  39% (255/653)
Git#15>Resolving deltas:  40% (264/653)
Git#15>Resolving deltas:  41% (268/653)
Git#15>Resolving deltas:  42% (275/653)
Git#15>Resolving deltas:  43% (281/653)
Git#15>Resolving deltas:  44% (288/653)
Git#15>Resolving deltas:  45% (294/653)
Git#15>Resolving deltas:  46% (302/653)
Git#15>Resolving deltas:  47% (308/653)
Git#15>Resolving deltas:  48% (314/653)
Git#15>Resolving deltas:  49% (322/653)
Git#15>Resolving deltas:  50% (327/653)
Git#15>Resolving deltas:  51% (335/653)
Git#15>Resolving deltas:  52% (341/653)
Git#15>Resolving deltas:  53% (348/653)
Git#15>Resolving deltas:  54% (353/653)
Git#15>Resolving deltas:  55% (360/653)
Git#15>Resolving deltas:  56% (367/653)
Git#15>Resolving deltas:  57% (373/653)
Git#15>Resolving deltas:  58% (380/653)
Git#15>Resolving deltas:  59% (386/653)
Git#15>Resolving deltas:  60% (392/653)
Git#15>Resolving deltas:  61% (399/653)
Git#15>Resolving deltas:  62% (405/653)
Git#15>Resolving deltas:  63% (412/653)
Git#15>Resolving deltas:  64% (419/653)
Git#15>Resolving deltas:  65% (425/653)
Git#15>Resolving deltas:  66% (431/653)
Git#15>Resolving deltas:  67% (439/653)
Git#15>Resolving deltas:  68% (445/653)
Git#15>Resolving deltas:  69% (451/653)
Git#15>Resolving deltas:  70% (459/653)
Git#15>Resolving deltas:  71% (465/653)
Git#15>Resolving deltas:  72% (471/653)
Git#15>Resolving deltas:  73% (477/653)
Git#15>Resolving deltas:  74% (484/653)
Git#15>Resolving deltas:  75% (490/653)
Git#15>Resolving deltas:  76% (497/653)
Git#15>Resolving deltas:  77% (503/653)
Git#15>Resolving deltas:  78% (510/653)
Git#15>Resolving deltas:  79% (517/653)
Git#15>Resolving deltas:  80% (524/653)
Git#15>Resolving deltas:  81% (529/653)
Git#15>Resolving deltas:  82% (537/653)
Git#15>Resolving deltas:  83% (542/653)
Git#15>Resolving deltas:  84% (549/653)
Git#15>Resolving deltas:  85% (556/653)
Git#15>Resolving deltas:  86% (562/653)
Git#15>Resolving deltas:  87% (569/653)
Git#15>Resolving deltas:  88% (577/653)
Git#15>Resolving deltas:  89% (582/653)
Git#15>Resolving deltas:  90% (588/653)
Git#15>Resolving deltas:  91% (595/653)
Git#15>Resolving deltas:  92% (601/653)
Git#15>Resolving deltas:  93% (609/653)
Git#15>Resolving deltas:  94% (614/653)
Git#15>Resolving deltas:  95% (623/653)
Git#15>Resolving deltas:  96% (628/653)
Git#15>Resolving deltas:  97% (634/653)
Git#15>Resolving deltas:  98% (640/653)
Git#15>Resolving deltas:  99% (648/653)
Git#15>Resolving deltas: 100% (653/653)
Git#15>Resolving deltas: 100% (653/653), done.
Git#15>Success: git -C C:/Users/Patron/WallE/mtb_shared/mtb-pdl-cat1 clone --progress --origin cypress --no-checkout --filter=blob:none https://github.com/cypresssemiconductorco/mtb-pdl-cat1 release-v3.22.1
Git#20>Starting: git -C C:/Users/Patron/WallE/Bluetooth_LE_Hello_Sensor/libs/TARGET_CY8CPROTO-063-BLE -c advice.detachedHead=false checkout --progress release-v4.2.0
Git#17>HEAD is now at d00730d Upload cmsis 6.1.0.171 [3998]
Git#17>Success: git -C C:/Users/Patron/WallE/mtb_shared/cmsis/release-v6.1.0 -c advice.detachedHead=false checkout --progress release-v6.1.0
Git#21>Starting: git -C C:/Users/Patron/WallE/mtb_shared/serial-flash/release-v1.4.3 -c advice.detachedHead=false checkout --progress release-v1.4.3
Git#19>Updating files:   0% (2/434)
Git#19>Updating files:   1% (5/434)
Git#19>Updating files:   2% (9/434)
Git#19>Updating files:   3% (14/434)
Git#19>Updating files:   4% (18/434)
Git#19>Updating files:   5% (22/434)
Git#19>Updating files:   6% (27/434)
Git#19>Updating files:   7% (31/434)
Git#19>Updating files:   8% (35/434)
Git#19>Updating files:   9% (40/434)
Git#19>Updating files:  10% (44/434)
Git#19>Updating files:  11% (48/434)
Git#19>Updating files:  12% (53/434)
Git#19>Updating files:  13% (57/434)
Git#19>Updating files:  14% (61/434)
Git#19>Updating files:  15% (66/434)
Git#19>Updating files:  16% (70/434)
Git#19>Updating files:  17% (74/434)
Git#19>Updating files:  18% (79/434)
Git#19>Updating files:  19% (83/434)
Git#19>Updating files:  20% (87/434)
Git#19>Updating files:  21% (92/434)
Git#19>Updating files:  22% (96/434)
Git#19>Updating files:  23% (100/434)
Git#19>Updating files:  24% (105/434)
Git#19>Updating files:  25% (109/434)
Git#19>Updating files:  26% (113/434)
Git#19>Updating files:  27% (118/434)
Git#19>Updating files:  28% (122/434)
Git#21>Updating files:   3% (2/63)
Git#21>Updating files:   4% (3/63)
Git#21>Updating files:   6% (4/63)
Git#19>Updating files:  29% (126/434)
Git#21>Updating files:   7% (5/63)
Git#21>Updating files:   9% (6/63)
Git#21>Updating files:  11% (7/63)
Git#21>Updating files:  12% (8/63)
Git#19>Updating files:  30% (131/434)
Git#21>Updating files:  14% (9/63)
Git#21>Updating files:  15% (10/63)
Git#21>Updating files:  17% (11/63)
Git#21>Updating files:  19% (12/63)
Git#19>Updating files:  31% (135/434)
Git#21>Updating files:  20% (13/63)
Git#21>Updating files:  22% (14/63)
Git#21>Updating files:  23% (15/63)
Git#21>Updating files:  25% (16/63)
Git#21>Updating files:  26% (17/63)
Git#19>Updating files:  32% (139/434)
Git#21>Updating files:  28% (18/63)
Git#21>Updating files:  30% (19/63)
Git#21>Updating files:  31% (20/63)
Git#21>Updating files:  33% (21/63)
Git#21>Updating files:  34% (22/63)
Git#19>Updating files:  33% (144/434)
Git#21>Updating files:  36% (23/63)
Git#21>Updating files:  38% (24/63)
Git#21>Updating files:  39% (25/63)
Git#21>Updating files:  41% (26/63)
Git#21>Updating files:  42% (27/63)
Git#19>Updating files:  34% (148/434)
Git#21>Updating files:  44% (28/63)
Git#21>Updating files:  46% (29/63)
Git#21>Updating files:  47% (30/63)
Git#21>Updating files:  49% (31/63)
Git#21>Updating files:  50% (32/63)
Git#19>Updating files:  35% (152/434)
Git#21>Updating files:  52% (33/63)
Git#21>Updating files:  53% (34/63)
Git#21>Updating files:  55% (35/63)
Git#19>Updating files:  35% (156/434)
Git#21>Updating files:  57% (36/63)
Git#19>Updating files:  36% (157/434)
Git#21>Updating files:  58% (37/63)
Git#21>Updating files:  60% (38/63)
Git#21>Updating files:  61% (39/63)
Git#21>Updating files:  63% (40/63)
Git#21>Updating files:  65% (41/63)
Git#19>Updating files:  37% (161/434)
Git#19>Updating files:  38% (165/434)
Git#21>Updating files:  66% (42/63)
Git#21>Updating files:  68% (43/63)
Git#21>Updating files:  69% (44/63)
Git#21>Updating files:  71% (45/63)
Git#21>Updating files:  73% (46/63)
Git#21>Updating files:  74% (47/63)
Git#21>Updating files:  76% (48/63)
Git#21>Updating files:  77% (49/63)
Git#21>Updating files:  79% (50/63)
Git#19>Updating files:  39% (170/434)
Git#20>Updating files:   1% (2/134)
Git#21>Updating files:  80% (51/63)
Git#21>Updating files:  82% (52/63)
Git#21>Updating files:  84% (53/63)
Git#20>Updating files:   2% (3/134)
Git#19>Updating files:  40% (174/434)
Git#21>Updating files:  85% (54/63)
Git#20>Updating files:   3% (5/134)
Git#21>Updating files:  87% (55/63)
Git#20>Updating files:   4% (6/134)
Git#21>Updating files:  88% (56/63)
Git#19>Updating files:  41% (178/434)
Git#21>Updating files:  90% (57/63)
Git#20>Updating files:   5% (7/134)
Git#21>Updating files:  92% (58/63)
Git#21>Updating files:  93% (59/63)
Git#20>Updating files:   6% (9/134)
Git#21>Updating files:  95% (60/63)
Git#21>Updating files:  96% (61/63)
Git#19>Updating files:  42% (183/434)
Git#20>Updating files:   7% (10/134)
Git#20>Updating files:   8% (11/134)
Git#21>Updating files:  98% (62/63)
Git#21>Updating files: 100% (63/63)
Git#21>Updating files: 100% (63/63), done.
Git#19>Updating files:  43% (187/434)
Git#19>Updating files:  44% (191/434)
Git#21>HEAD is now at 23966ce Upload serial-flash [3108]
Git#21>Success: git -C C:/Users/Patron/WallE/mtb_shared/serial-flash/release-v1.4.3 -c advice.detachedHead=false checkout --progress release-v1.4.3
Git#22>Starting: git -C C:/Users/Patron/WallE/mtb_shared/kv-store/release-v1.1.1 -c advice.detachedHead=false checkout --progress release-v1.1.1
Git#19>Updating files:  45% (196/434)
Git#19>Updating files:  46% (200/434)
Git#19>Updating files:  47% (204/434)
Git#19>Updating files:  48% (209/434)
Git#20>Updating files:   9% (13/134)
Git#20>Updating files:  10% (14/134)
Git#20>Updating files:  11% (15/134)
Git#19>Updating files:  49% (213/434)
Git#20>Updating files:  12% (17/134)
Git#20>Updating files:  13% (18/134)
Git#19>Updating files:  50% (217/434)
Git#20>Updating files:  14% (19/134)
Git#20>Updating files:  15% (21/134)
Git#20>Updating files:  16% (22/134)
Git#20>Updating files:  17% (23/134)
Git#19>Updating files:  51% (222/434)
Git#20>Updating files:  18% (25/134)
Git#20>Updating files:  19% (26/134)
Git#20>Updating files:  20% (27/134)
Git#19>Updating files:  52% (226/434)
Git#20>Updating files:  21% (29/134)
Git#20>Updating files:  22% (30/134)
Git#20>Updating files:  23% (31/134)
Git#19>Updating files:  53% (231/434)
Git#20>Updating files:  24% (33/134)
Git#20>Updating files:  25% (34/134)
Git#20>Updating files:  26% (35/134)
Git#19>Updating files:  54% (235/434)
Git#20>Updating files:  27% (37/134)
Git#20>Updating files:  28% (38/134)
Git#20>Updating files:  29% (39/134)
Git#19>Updating files:  55% (239/434)
Git#20>Updating files:  30% (41/134)
Git#20>Updating files:  31% (42/134)
Git#20>Updating files:  32% (43/134)
Git#20>Updating files:  33% (45/134)
Git#19>Updating files:  56% (244/434)
Git#20>Updating files:  34% (46/134)
Git#20>Updating files:  35% (47/134)
Git#20>Updating files:  36% (49/134)
Git#19>Updating files:  57% (248/434)
Git#20>Updating files:  37% (50/134)
Git#20>Updating files:  38% (51/134)
Git#20>Updating files:  39% (53/134)
Git#19>Updating files:  58% (252/434)
Git#20>Updating files:  40% (54/134)
Git#20>Updating files:  41% (55/134)
Git#20>Updating files:  42% (57/134)
Git#20>Updating files:  43% (58/134)
Git#19>Updating files:  59% (257/434)
Git#20>Updating files:  44% (59/134)
Git#20>Updating files:  45% (61/134)
Git#20>Updating files:  46% (62/134)
Git#19>Updating files:  60% (261/434)
Git#20>Updating files:  47% (63/134)
Git#20>Updating files:  48% (65/134)
Git#20>Updating files:  49% (66/134)
Git#19>Updating files:  61% (265/434)
Git#20>Updating files:  50% (67/134)
Git#20>Updating files:  51% (69/134)
Git#20>Updating files:  52% (70/134)
Git#19>Updating files:  62% (270/434)
Git#20>Updating files:  53% (72/134)
Git#20>Updating files:  54% (73/134)
Git#20>Updating files:  55% (74/134)
Git#20>Updating files:  56% (76/134)
Git#19>Updating files:  63% (274/434)
Git#20>Updating files:  57% (77/134)
Git#20>Updating files:  58% (78/134)
Git#20>Updating files:  59% (80/134)
Git#20>Updating files:  60% (81/134)
Git#19>Updating files:  64% (278/434)
Git#20>Updating files:  61% (82/134)
Git#20>Updating files:  62% (84/134)
Git#20>Updating files:  63% (85/134)
Git#20>Updating files:  64% (86/134)
Git#19>Updating files:  65% (283/434)
Git#20>Updating files:  65% (88/134)
Git#20>Updating files:  66% (89/134)
Git#20>Updating files:  67% (90/134)
Git#20>Updating files:  68% (92/134)
Git#19>Updating files:  66% (287/434)
Git#20>Updating files:  69% (93/134)
Git#20>Updating files:  70% (94/134)
Git#20>Updating files:  71% (96/134)
Git#19>Updating files:  67% (291/434)
Git#19>Updating files:  68% (296/434)
Git#19>Updating files:  69% (300/434)
Git#19>Updating files:  70% (304/434)
Git#19>Updating files:  71% (309/434)
Git#20>Updating files:  72% (97/134)
Git#19>Updating files:  72% (313/434)
Git#20>Updating files:  73% (98/134)
Git#20>Updating files:  74% (100/134)
Git#20>Updating files:  75% (101/134)
Git#19>Updating files:  73% (317/434)
Git#20>Updating files:  76% (102/134)
Git#20>Updating files:  77% (104/134)
Git#20>Updating files:  78% (105/134)
Git#20>Updating files:  79% (106/134)
Git#19>Updating files:  74% (322/434)
Git#20>Updating files:  80% (108/134)
Git#20>Updating files:  81% (109/134)
Git#19>Updating files:  75% (326/434)
Git#20>Updating files:  82% (110/134)
Git#20>Updating files:  83% (112/134)
Git#20>Updating files:  84% (113/134)
Git#20>Updating files:  85% (114/134)
Git#19>Updating files:  76% (330/434)
Git#20>Updating files:  86% (116/134)
Git#19>Updating files:  76% (333/434)
Git#20>Updating files:  87% (117/134)
Git#20>Updating files:  88% (118/134)
Git#20>Updating files:  88% (119/134)
Git#19>Updating files:  77% (335/434)
Git#20>Updating files:  89% (120/134)
Git#20>Updating files:  90% (121/134)
Git#20>Updating files:  91% (122/134)
Git#19>Updating files:  78% (339/434)
Git#20>Updating files:  92% (124/134)
Git#20>Updating files:  93% (125/134)
Git#20>Updating files:  94% (126/134)
Git#19>Updating files:  79% (343/434)
Git#20>Updating files:  95% (128/134)
Git#20>Updating files:  96% (129/134)
Git#20>Updating files:  97% (130/134)
Git#20>Updating files:  98% (132/134)
Git#19>Updating files:  80% (348/434)
Git#20>Updating files:  99% (133/134)
Git#20>Updating files: 100% (134/134)
Git#20>Updating files: 100% (134/134), done.
Git#19>Updating files:  81% (352/434)
Git#19>Updating files:  82% (356/434)
Git#20>HEAD is now at e70e872 Upload TARGET_CY8CPROTO-063-BLE [1515]
Git#19>Updating files:  83% (361/434)
Git#20>Success: git -C C:/Users/Patron/WallE/Bluetooth_LE_Hello_Sensor/libs/TARGET_CY8CPROTO-063-BLE -c advice.detachedHead=false checkout --progress release-v4.2.0
Git#23>Starting: git -C C:/Users/Patron/WallE/mtb_shared/freertos/release-v10.6.202 -c advice.detachedHead=false checkout --progress release-v10.6.202
Git#19>Updating files:  84% (365/434)
Git#19>Updating files:  85% (369/434)
Git#19>Updating files:  86% (374/434)
Git#19>Updating files:  87% (378/434)
Git#19>Updating files:  88% (382/434)
Git#19>Updating files:  89% (387/434)
Git#19>Updating files:  90% (391/434)
Git#19>Updating files:  91% (395/434)
Git#19>Updating files:  92% (400/434)
Git#19>Updating files:  93% (404/434)
Git#19>Updating files:  94% (408/434)
Git#19>Updating files:  95% (413/434)
Git#19>Updating files:  96% (417/434)
Git#19>Updating files:  97% (421/434)
Git#19>Updating files:  98% (426/434)
Git#19>Updating files:  99% (430/434)
Git#19>Updating files: 100% (434/434)
Git#19>Updating files: 100% (434/434), done.
Git#19>HEAD is now at 0ce7133 Upload btstack-integration 6.2.1.3168 [3848]
Git#19>Success: git -C C:/Users/Patron/WallE/mtb_shared/btstack-integration/release-v6.2.1 -c advice.detachedHead=false checkout --progress release-v6.2.1
Git#24>Starting: git -C C:/Users/Patron/WallE/mtb_shared/btstack/release-v4.1.5 -c advice.detachedHead=false checkout --progress release-v4.1.5
Git#22>Updating files:   2% (2/83)
Git#22>Updating files:   3% (3/83)
Git#22>Updating files:   4% (4/83)
Git#22>Updating files:   6% (5/83)
Git#22>Updating files:   7% (6/83)
Git#22>Updating files:   8% (7/83)
Git#22>Updating files:   9% (8/83)
Git#22>Updating files:  10% (9/83)
Git#22>Updating files:  12% (10/83)
Git#22>Updating files:  13% (11/83)
Git#22>Updating files:  14% (12/83)
Git#22>Updating files:  15% (13/83)
Git#22>Updating files:  16% (14/83)
Git#22>Updating files:  18% (15/83)
Git#22>Updating files:  19% (16/83)
Git#22>Updating files:  20% (17/83)
Git#22>Updating files:  21% (18/83)
Git#22>Updating files:  22% (19/83)
Git#22>Updating files:  24% (20/83)
Git#22>Updating files:  25% (21/83)
Git#22>Updating files:  26% (22/83)
Git#18>HEAD is now at c06fce9a Upload device-db 4.37.0.10260 [4794]
Git#22>Updating files:  27% (23/83)
Git#22>Updating files:  28% (24/83)
Git#22>Updating files:  30% (25/83)
Git#22>Updating files:  31% (26/83)
Git#18>Success: git -C C:/Users/Patron/.modustoolbox/global/device-db/release-v4.37.0 -c advice.detachedHead=false checkout --progress release-v4.37.0
Git#25>Starting: git -C C:/Users/Patron/WallE/mtb_shared/cat1cm0p/release-v1.11.0 -c advice.detachedHead=false checkout --progress release-v1.11.0
Git#22>Updating files:  32% (27/83)
Git#22>Updating files:  33% (28/83)
Git#22>Updating files:  34% (29/83)
Git#22>Updating files:  36% (30/83)
Git#22>Updating files:  37% (31/83)
Git#22>Updating files:  38% (32/83)
Git#22>Updating files:  39% (33/83)
Git#22>Updating files:  40% (34/83)
Git#22>Updating files:  42% (35/83)
Git#22>Updating files:  43% (36/83)
Git#22>Updating files:  44% (37/83)
Git#22>Updating files:  45% (38/83)
Git#22>Updating files:  46% (39/83)
Git#22>Updating files:  48% (40/83)
Git#22>Updating files:  49% (41/83)
Git#22>Updating files:  50% (42/83)
Git#22>Updating files:  51% (43/83)
Git#22>Updating files:  53% (44/83)
Git#22>Updating files:  54% (45/83)
Git#22>Updating files:  55% (46/83)
Git#22>Updating files:  56% (47/83)
Git#22>Updating files:  57% (48/83)
Git#22>Updating files:  59% (49/83)
Git#22>Updating files:  60% (50/83)
Git#22>Updating files:  61% (51/83)
Git#22>Updating files:  62% (52/83)
Git#22>Updating files:  63% (53/83)
Git#22>Updating files:  65% (54/83)
Git#22>Updating files:  66% (55/83)
Git#22>Updating files:  67% (56/83)
Git#22>Updating files:  68% (57/83)
Git#22>Updating files:  69% (58/83)
Git#22>Updating files:  71% (59/83)
Git#22>Updating files:  72% (60/83)
Git#22>Updating files:  73% (61/83)
Git#22>Updating files:  74% (62/83)
Git#22>Updating files:  75% (63/83)
Git#22>Updating files:  77% (64/83)
Git#22>Updating files:  78% (65/83)
Git#22>Updating files:  79% (66/83)
Git#22>Updating files:  80% (67/83)
Git#22>Updating files:  81% (68/83)
Git#22>Updating files:  83% (69/83)
Git#22>Updating files:  84% (70/83)
Git#22>Updating files:  85% (71/83)
Git#22>Updating files:  86% (72/83)
Git#22>Updating files:  87% (73/83)
Git#22>Updating files:  89% (74/83)
Git#22>Updating files:  90% (75/83)
Git#22>Updating files:  91% (76/83)
Git#22>Updating files:  92% (77/83)
Git#22>Updating files:  93% (78/83)
Git#22>Updating files:  95% (79/83)
Git#22>Updating files:  96% (80/83)
Git#22>Updating files:  97% (81/83)
Git#22>Updating files:  98% (82/83)
Git#22>Updating files: 100% (83/83)
Git#22>Updating files: 100% (83/83), done.
Git#22>HEAD is now at 9a75a83 Upload kv-store [990]
Git#22>Success: git -C C:/Users/Patron/WallE/mtb_shared/kv-store/release-v1.1.1 -c advice.detachedHead=false checkout --progress release-v1.1.1
Git#26>Starting: git -C C:/Users/Patron/WallE/mtb_shared/mtb-pdl-cat1/release-v3.22.1 -c advice.detachedHead=false checkout --progress release-v3.22.1
Git#23>Updating files:   0% (2/267)
Git#23>Updating files:   1% (3/267)
Git#23>Updating files:   2% (6/267)
Git#23>Updating files:   3% (9/267)
Git#23>Updating files:   4% (11/267)
Git#23>Updating files:   5% (14/267)
Git#23>Updating files:   6% (17/267)
Git#23>Updating files:   7% (19/267)
Git#23>Updating files:   8% (22/267)
Git#23>Updating files:   9% (25/267)
Git#23>Updating files:  10% (27/267)
Git#23>Updating files:  11% (30/267)
Git#23>Updating files:  12% (33/267)
Git#23>Updating files:  13% (35/267)
Git#23>Updating files:  14% (38/267)
Git#23>Updating files:  15% (41/267)
Git#23>Updating files:  16% (43/267)
Git#23>Updating files:  17% (46/267)
Git#23>Updating files:  18% (49/267)
Git#23>Updating files:  19% (51/267)
Git#23>Updating files:  20% (54/267)
Git#23>Updating files:  21% (57/267)
Git#23>Updating files:  22% (59/267)
Git#23>Updating files:  23% (62/267)
Git#23>Updating files:  24% (65/267)
Git#23>Updating files:  24% (66/267)
Git#23>Updating files:  25% (67/267)
Git#23>Updating files:  26% (70/267)
Git#23>Updating files:  27% (73/267)
Git#23>Updating files:  28% (75/267)
Git#23>Updating files:  29% (78/267)
Git#23>Updating files:  30% (81/267)
Git#23>Updating files:  31% (83/267)
Git#23>Updating files:  32% (86/267)
Git#23>Updating files:  33% (89/267)
Git#23>Updating files:  34% (91/267)
Git#23>Updating files:  35% (94/267)
Git#23>Updating files:  36% (97/267)
Git#23>Updating files:  37% (99/267)
Git#23>Updating files:  38% (102/267)
Git#23>Updating files:  39% (105/267)
Git#23>Updating files:  40% (107/267)
Git#23>Updating files:  41% (110/267)
Git#23>Updating files:  42% (113/267)
Git#23>Updating files:  43% (115/267)
Git#23>Updating files:  44% (118/267)
Git#23>Updating files:  45% (121/267)
Git#23>Updating files:  46% (123/267)
Git#23>Updating files:  47% (126/267)
Git#23>Updating files:  48% (129/267)
Git#23>Updating files:  49% (131/267)
Git#23>Updating files:  50% (134/267)
Git#23>Updating files:  51% (137/267)
Git#23>Updating files:  52% (139/267)
Git#23>Updating files:  53% (142/267)
Git#23>Updating files:  54% (145/267)
Git#23>Updating files:  55% (147/267)
Git#23>Updating files:  56% (150/267)
Git#23>Updating files:  57% (153/267)
Git#23>Updating files:  58% (155/267)
Git#23>Updating files:  59% (158/267)
Git#23>Updating files:  60% (161/267)
Git#23>Updating files:  61% (163/267)
Git#23>Updating files:  62% (166/267)
Git#23>Updating files:  63% (169/267)
Git#23>Updating files:  64% (171/267)
Git#23>Updating files:  65% (174/267)
Git#23>Updating files:  66% (177/267)
Git#23>Updating files:  67% (179/267)
Git#23>Updating files:  68% (182/267)
Git#23>Updating files:  69% (185/267)
Git#23>Updating files:  70% (187/267)
Git#23>Updating files:  71% (190/267)
Git#23>Updating files:  72% (193/267)
Git#23>Updating files:  73% (195/267)
Git#23>Updating files:  74% (198/267)
Git#23>Updating files:  75% (201/267)
Git#23>Updating files:  76% (203/267)
Git#23>Updating files:  77% (206/267)
Git#23>Updating files:  78% (209/267)
Git#23>Updating files:  79% (211/267)
Git#23>Updating files:  80% (214/267)
Git#23>Updating files:  81% (217/267)
Git#23>Updating files:  82% (219/267)
Git#23>Updating files:  83% (222/267)
Git#23>Updating files:  84% (225/267)
Git#23>Updating files:  85% (227/267)
Git#23>Updating files:  86% (230/267)
Git#23>Updating files:  87% (233/267)
Git#23>Updating files:  88% (235/267)
Git#23>Updating files:  89% (238/267)
Git#23>Updating files:  90% (241/267)
Git#23>Updating files:  91% (243/267)
Git#23>Updating files:  92% (246/267)
Git#23>Updating files:  93% (249/267)
Git#23>Updating files:  94% (251/267)
Git#23>Updating files:  95% (254/267)
Git#23>Updating files:  96% (257/267)
Git#23>Updating files:  97% (259/267)
Git#23>Updating files:  98% (262/267)
Git#23>Updating files:  99% (265/267)
Git#25>Updating files:   2% (2/83)
Git#23>Updating files: 100% (267/267)
Git#23>Updating files: 100% (267/267), done.
Git#25>Updating files:   3% (3/83)
Git#25>Updating files:   4% (4/83)
Git#25>Updating files:   6% (5/83)
Git#25>Updating files:   7% (6/83)
Git#25>Updating files:   8% (7/83)
Git#25>Updating files:   9% (8/83)
Git#25>Updating files:  10% (9/83)
Git#25>Updating files:  12% (10/83)
Git#25>Updating files:  13% (11/83)
Git#25>Updating files:  14% (12/83)
Git#25>Updating files:  15% (13/83)
Git#25>Updating files:  16% (14/83)
Git#25>Updating files:  18% (15/83)
Git#25>Updating files:  19% (16/83)
Git#25>Updating files:  20% (17/83)
Git#25>Updating files:  21% (18/83)
Git#25>Updating files:  22% (19/83)
Git#25>Updating files:  24% (20/83)
Git#25>Updating files:  25% (21/83)
Git#25>Updating files:  26% (22/83)
Git#25>Updating files:  27% (23/83)
Git#23>HEAD is now at 8a19c8d Upload freertos [4326]
Git#25>Updating files:  28% (24/83)
Git#25>Updating files:  30% (25/83)
Git#23>Success: git -C C:/Users/Patron/WallE/mtb_shared/freertos/release-v10.6.202 -c advice.detachedHead=false checkout --progress release-v10.6.202
Git#25>Updating files:  31% (26/83)
Git#25>Updating files:  32% (27/83)
Git#25>Updating files:  33% (28/83)
Git#25>Updating files:  34% (29/83)
Git#25>Updating files:  36% (30/83)
Git#25>Updating files:  37% (31/83)
Git#25>Updating files:  38% (32/83)
Git#25>Updating files:  39% (33/83)
Git#25>Updating files:  40% (34/83)
Git#25>Updating files:  42% (35/83)
Git#25>Updating files:  43% (36/83)
Git#25>Updating files:  44% (37/83)
Git#25>Updating files:  45% (38/83)
Git#25>Updating files:  46% (39/83)
Git#25>Updating files:  48% (40/83)
Git#25>Updating files:  49% (41/83)
Git#25>Updating files:  50% (42/83)
Git#25>Updating files:  51% (43/83)
Git#25>Updating files:  53% (44/83)
Git#25>Updating files:  54% (45/83)
Git#25>Updating files:  55% (46/83)
Git#25>Updating files:  56% (47/83)
Git#25>Updating files:  57% (48/83)
Git#25>Updating files:  59% (49/83)
Git#25>Updating files:  60% (50/83)
Git#25>Updating files:  61% (51/83)
Git#25>Updating files:  62% (52/83)
Git#25>Updating files:  63% (53/83)
Git#25>Updating files:  65% (54/83)
Git#25>Updating files:  66% (55/83)
Git#25>Updating files:  67% (56/83)
Git#25>Updating files:  68% (57/83)
Git#25>Updating files:  69% (58/83)
Git#25>Updating files:  71% (59/83)
Git#25>Updating files:  72% (60/83)
Git#25>Updating files:  73% (61/83)
Git#25>Updating files:  74% (62/83)
Git#25>Updating files:  75% (63/83)
Git#25>Updating files:  77% (64/83)
Git#25>Updating files:  78% (65/83)
Git#25>Updating files:  79% (66/83)
Git#25>Updating files:  80% (67/83)
Git#25>Updating files:  81% (68/83)
Git#25>Updating files:  83% (69/83)
Git#25>Updating files:  84% (70/83)
Git#25>Updating files:  85% (71/83)
Git#25>Updating files:  86% (72/83)
Git#25>Updating files:  87% (73/83)
Git#25>Updating files:  89% (74/83)
Git#25>Updating files:  90% (75/83)
Git#25>Updating files:  91% (76/83)
Git#25>Updating files:  92% (77/83)
Git#25>Updating files:  93% (78/83)
Git#25>Updating files:  95% (79/83)
Git#25>Updating files:  96% (80/83)
Git#25>Updating files:  97% (81/83)
Git#25>Updating files:  98% (82/83)
Git#25>Updating files: 100% (83/83)
Git#25>Updating files: 100% (83/83), done.
Git#25>HEAD is now at b2f7229 Upload cat1cm0p 1.11.0.774 [5035]
Git#25>Success: git -C C:/Users/Patron/WallE/mtb_shared/cat1cm0p/release-v1.11.0 -c advice.detachedHead=false checkout --progress release-v1.11.0
Git#24>Updating files:   0% (2/1794)
Git#24>Updating files:   0% (3/1794)
Git#24>Updating files:   1% (18/1794)
Git#24>Updating files:   2% (36/1794)
Git#24>Updating files:   3% (54/1794)
Git#24>Updating files:   4% (72/1794)
Git#24>Updating files:   5% (90/1794)
Git#24>Updating files:   6% (108/1794)
Git#24>Updating files:   7% (126/1794)
Git#24>Updating files:   8% (144/1794)
Git#24>Updating files:   9% (162/1794)
Git#24>Updating files:  10% (180/1794)
Git#24>Updating files:  10% (187/1794)
Git#24>Updating files:  11% (198/1794)
Git#24>Updating files:  12% (216/1794)
Git#24>Updating files:  13% (234/1794)
Git#24>Updating files:  14% (252/1794)
Git#24>Updating files:  15% (270/1794)
Git#24>Updating files:  16% (288/1794)
Git#24>Updating files:  17% (305/1794)
Git#24>Updating files:  18% (323/1794)
Git#24>Updating files:  19% (341/1794)
Git#24>Updating files:  20% (359/1794)
Git#24>Updating files:  20% (375/1794)
Git#24>Updating files:  21% (377/1794)
Git#24>Updating files:  22% (395/1794)
Git#24>Updating files:  23% (413/1794)
Git#24>Updating files:  24% (431/1794)
Git#24>Updating files:  25% (449/1794)
Git#24>Updating files:  26% (467/1794)
Git#24>Updating files:  27% (485/1794)
Git#24>Updating files:  28% (503/1794)
Git#24>Updating files:  29% (521/1794)
Git#24>Updating files:  30% (539/1794)
Git#24>Updating files:  31% (557/1794)
Git#24>Updating files:  32% (575/1794)
Git#24>Updating files:  33% (593/1794)
Git#24>Updating files:  34% (610/1794)
Git#24>Updating files:  35% (628/1794)
Git#24>Updating files:  36% (646/1794)
Git#24>Updating files:  37% (664/1794)
Git#24>Updating files:  38% (682/1794)
Git#24>Updating files:  39% (700/1794)
Git#24>Updating files:  40% (718/1794)
Git#24>Updating files:  41% (736/1794)
Git#24>Updating files:  42% (754/1794)
Git#24>Updating files:  43% (772/1794)
Git#24>Updating files:  44% (790/1794)
Git#24>Updating files:  45% (808/1794)
Git#24>Updating files:  46% (826/1794)
Git#24>Updating files:  47% (844/1794)
Git#24>Updating files:  48% (862/1794)
Git#24>Updating files:  49% (880/1794)
Git#24>Updating files:  49% (896/1794)
Git#24>Updating files:  50% (897/1794)
Git#24>Updating files:  51% (915/1794)
Git#24>Updating files:  52% (933/1794)
Git#26>Updating files:   0% (2/4403)
Git#24>Updating files:  53% (951/1794)
Git#26>Updating files:   1% (45/4403)
Git#24>Updating files:  54% (969/1794)
Git#24>Updating files:  55% (987/1794)
Git#24>Updating files:  56% (1005/1794)
Git#26>Updating files:   2% (89/4403)
Git#24>Updating files:  57% (1023/1794)
Git#24>Updating files:  58% (1041/1794)
Git#26>Updating files:   3% (133/4403)
Git#24>Updating files:  59% (1059/1794)
Git#26>Updating files:   3% (149/4403)
Git#24>Updating files:  60% (1077/1794)
Git#24>Updating files:  60% (1078/1794)
Git#26>Updating files:   4% (177/4403)
Git#24>Updating files:  61% (1095/1794)
Git#24>Updating files:  62% (1113/1794)
Git#26>Updating files:   5% (221/4403)
Git#24>Updating files:  63% (1131/1794)
Git#24>Updating files:  64% (1149/1794)
Git#24>Updating files:  65% (1167/1794)
Git#26>Updating files:   6% (265/4403)
Git#24>Updating files:  66% (1185/1794)
Git#24>Updating files:  67% (1202/1794)
Git#26>Updating files:   7% (309/4403)
Git#24>Updating files:  68% (1220/1794)
Git#24>Updating files:  69% (1238/1794)
Git#24>Updating files:  70% (1256/1794)
Git#26>Updating files:   8% (353/4403)
Git#24>Updating files:  71% (1274/1794)
Git#24>Updating files:  72% (1292/1794)
Git#26>Updating files:   9% (397/4403)
Git#24>Updating files:  73% (1310/1794)
Git#24>Updating files:  74% (1328/1794)
Git#26>Updating files:   9% (421/4403)
Git#24>Updating files:  75% (1346/1794)
Git#24>Updating files:  75% (1348/1794)
Git#26>Updating files:  10% (441/4403)
Git#24>Updating files:  76% (1364/1794)
Git#24>Updating files:  77% (1382/1794)
Git#24>Updating files:  78% (1400/1794)
Git#24>Updating files:  79% (1418/1794)
Git#26>Updating files:  11% (485/4403)
Git#24>Updating files:  80% (1436/1794)
Git#24>Updating files:  81% (1454/1794)
Git#24>Updating files:  82% (1472/1794)
Git#26>Updating files:  12% (529/4403)
Git#24>Updating files:  83% (1490/1794)
Git#24>Updating files:  84% (1507/1794)
Git#24>Updating files:  85% (1525/1794)
Git#26>Updating files:  13% (573/4403)
Git#24>Updating files:  86% (1543/1794)
Git#24>Updating files:  87% (1561/1794)
Git#26>Updating files:  14% (617/4403)
Git#24>Updating files:  88% (1579/1794)
Git#24>Updating files:  88% (1585/1794)
Git#24>Updating files:  89% (1597/1794)
Git#24>Updating files:  90% (1615/1794)
Git#24>Updating files:  91% (1633/1794)
Git#26>Updating files:  15% (661/4403)
Git#24>Updating files:  92% (1651/1794)
Git#24>Updating files:  93% (1669/1794)
Git#26>Updating files:  16% (705/4403)
Git#24>Updating files:  94% (1687/1794)
Git#26>Updating files:  17% (749/4403)
Git#26>Updating files:  18% (793/4403)
Git#26>Updating files:  18% (794/4403)
Git#24>Updating files:  94% (1703/1794)
Git#24>Updating files:  95% (1705/1794)
Git#26>Updating files:  19% (837/4403)
Git#26>Updating files:  20% (881/4403)
Git#24>Updating files:  96% (1723/1794)
Git#26>Updating files:  21% (925/4403)
Git#26>Updating files:  22% (969/4403)
Git#24>Updating files:  97% (1741/1794)
Git#26>Updating files:  23% (1013/4403)
Git#24>Updating files:  98% (1759/1794)
Git#24>Updating files:  99% (1777/1794)
Git#26>Updating files:  23% (1014/4403)
Git#24>Updating files: 100% (1794/1794)
Git#24>Updating files: 100% (1794/1794), done.
Git#24>HEAD is now at bad121e Upload btstack 4.1.5.24000 [4092]
Git#24>Success: git -C C:/Users/Patron/WallE/mtb_shared/btstack/release-v4.1.5 -c advice.detachedHead=false checkout --progress release-v4.1.5
Git#26>Updating files:  24% (1057/4403)
Git#26>Updating files:  25% (1101/4403)
Git#26>Updating files:  26% (1145/4403)
Git#26>Updating files:  26% (1163/4403)
Git#26>Updating files:  27% (1189/4403)
Git#26>Updating files:  28% (1233/4403)
Git#26>Updating files:  29% (1277/4403)
Git#26>Updating files:  29% (1300/4403)
Git#26>Updating files:  30% (1321/4403)
Git#26>Updating files:  31% (1365/4403)
Git#26>Updating files:  32% (1409/4403)
Git#26>Updating files:  32% (1412/4403)
Git#26>Updating files:  33% (1453/4403)
Git#26>Updating files:  34% (1498/4403)
Git#26>Updating files:  34% (1536/4403)
Git#26>Updating files:  35% (1542/4403)
Git#26>Updating files:  36% (1586/4403)
Git#26>Updating files:  37% (1630/4403)
Git#26>Updating files:  38% (1674/4403)
Git#26>Updating files:  38% (1678/4403)
Git#26>Updating files:  39% (1718/4403)
Git#26>Updating files:  40% (1762/4403)
Git#26>Updating files:  40% (1764/4403)
Git#26>Updating files:  41% (1806/4403)
Git#26>Updating files:  42% (1850/4403)
Git#26>Updating files:  43% (1894/4403)
Git#26>Updating files:  43% (1902/4403)
Git#26>Updating files:  44% (1938/4403)
Git#26>Updating files:  45% (1982/4403)
Git#26>Updating files:  46% (2026/4403)
Git#26>Updating files:  46% (2066/4403)
Git#26>Updating files:  47% (2070/4403)
Git#26>Updating files:  48% (2114/4403)
Git#26>Updating files:  49% (2158/4403)
Git#26>Updating files:  50% (2202/4403)
Git#26>Updating files:  51% (2246/4403)
Git#26>Updating files:  51% (2257/4403)
Git#26>Updating files:  52% (2290/4403)
Git#26>Updating files:  53% (2334/4403)
Git#26>Updating files:  54% (2378/4403)
Git#26>Updating files:  55% (2422/4403)
Git#26>Updating files:  55% (2430/4403)
Git#26>Updating files:  56% (2466/4403)
Git#26>Updating files:  57% (2510/4403)
Git#26>Updating files:  58% (2554/4403)
Git#26>Updating files:  58% (2583/4403)
Git#26>Updating files:  59% (2598/4403)
Git#26>Updating files:  60% (2642/4403)
Git#26>Updating files:  61% (2686/4403)
Git#26>Updating files:  62% (2730/4403)
Git#26>Updating files:  62% (2756/4403)
Git#26>Updating files:  63% (2774/4403)
Git#26>Updating files:  64% (2818/4403)
Git#26>Updating files:  64% (2861/4403)
Git#26>Updating files:  65% (2862/4403)
Git#26>Updating files:  66% (2906/4403)
Git#26>Updating files:  67% (2951/4403)
Git#26>Updating files:  68% (2995/4403)
Git#26>Updating files:  68% (3009/4403)
Git#26>Updating files:  69% (3039/4403)
Git#26>Updating files:  70% (3083/4403)
Git#26>Updating files:  71% (3127/4403)
Git#26>Updating files:  72% (3171/4403)
Git#26>Updating files:  72% (3188/4403)
Git#26>Updating files:  73% (3215/4403)
Git#26>Updating files:  74% (3259/4403)
Git#26>Updating files:  75% (3303/4403)
Git#26>Updating files:  75% (3329/4403)
Git#26>Updating files:  76% (3347/4403)
Git#26>Updating files:  77% (3391/4403)
Git#26>Updating files:  78% (3435/4403)
Git#26>Updating files:  79% (3479/4403)
Git#26>Updating files:  79% (3505/4403)
Git#26>Updating files:  80% (3523/4403)
Git#26>Updating files:  81% (3567/4403)
Git#26>Updating files:  82% (3611/4403)
Git#26>Updating files:  83% (3655/4403)
Git#26>Updating files:  83% (3695/4403)
Git#26>Updating files:  84% (3699/4403)
Git#26>Updating files:  85% (3743/4403)
Git#26>Updating files:  86% (3787/4403)
Git#26>Updating files:  87% (3831/4403)
Git#26>Updating files:  87% (3870/4403)
Git#26>Updating files:  88% (3875/4403)
Git#26>Updating files:  89% (3919/4403)
Git#26>Updating files:  90% (3963/4403)
Git#26>Updating files:  91% (4007/4403)
Git#26>Updating files:  91% (4039/4403)
Git#26>Updating files:  92% (4051/4403)
Git#26>Updating files:  93% (4095/4403)
Git#26>Updating files:  94% (4139/4403)
Git#26>Updating files:  95% (4183/4403)
Git#26>Updating files:  95% (4192/4403)
Git#26>Updating files:  96% (4227/4403)
Git#26>Updating files:  97% (4271/4403)
Git#26>Updating files:  98% (4315/4403)
Git#26>Updating files:  98% (4334/4403)
Git#26>Updating files:  99% (4359/4403)
Git#26>Updating files: 100% (4403/4403)
Git#26>Updating files: 100% (4403/4403), done.
Git#26>HEAD is now at cd99669 Upload mtb-pdl-cat1 3.22.1.46505 [5061]
Git#26>Success: git -C C:/Users/Patron/WallE/mtb_shared/mtb-pdl-cat1/release-v3.22.1 -c advice.detachedHead=false checkout --progress release-v3.22.1
Requested to change the active target to 'APP_CY8CPROTO-063-BLE'.
Removed the file 'C:/Users/Patron/WallE/Bluetooth_LE_Hello_Sensor/deps/TARGET_CY8CPROTO-063-BLE.mtb'.
Writing the file 'C:/Users/Patron/WallE/Bluetooth_LE_Hello_Sensor/libs/app.mk'.
Successfully committed changes to the project 'mtb-example-btstack-freertos-hello-sensor'.
Project "Bluetooth_LE_Hello_Sensor" created successfully.
Successfully created "Bluetooth_LE_Hello_Sensor" application.
Generating source
Generated source successfully.
0 error(s), 0 warning(s)

Summary:

Successfully created "Bluetooth_LE_Hello_Sensor" application.
